ID,Nombre,Categoría,Unidad,Stock,Stock Mínimo,Precio,Proveedor
fy29m9sgw,"Alga Yakinori 1/2","Algas nori",unidad,0,2,0,Cominport
vjdt7s79k,"Alga Yakinori Araki","Algas nori",unidad,0,2,0,Cominport
n9797a5qj,"Alga Yakinori Araki","Algas nori",unidad,0,2,0,Cominport
8t75r6t6s,"Alga Yakinori Grado A","Algas nori",unidad,0,2,0,Cominport
4h5996feo,"Alga Yakinori Grado A","Algas nori",unidad,0,2,0,Cominport
mbzn5xpjb,"Alga Yakinori Grado B","Algas nori",unidad,0,2,0,Cominport
xp7dv28f4,"Alga Yakinori Grado C","Algas nori",unidad,0,2,0,Cominport
cl252x7sq,"Alga Yakinori Grado Super A","Algas nori",unidad,0,2,0,Cominport
e9vyq9n6r,"Alga Yakinori Miyabi","Algas nori",unidad,0,2,0,Cominport
voqg0mf61,"Algas sazonadas Jaban","Algas nori",unidad,0,2,0,Cominport
m2588rhtt,"Hojas de Soja ""Amarillas"" - Mame Nori","Algas nori",unidad,0,2,0,Cominport
vqwp563n0,"Hojas de Soja ""Naranja"" - Mame Nori","Algas nori",unidad,0,2,0,Cominport
yvp6zuxjr,"Hojas de Soja ""Rosa"" - Mame Nori","Algas nori",unidad,0,2,0,Cominport
qstr8tq4a,"Hojas de Soja ""Sésamo"" - Mame Nori","Algas nori",unidad,0,2,0,Cominport
uh0auo0ph,"Hojas de Soja ""verde"" - Mame Nori","Algas nori",unidad,0,2,0,Cominport
cimn59v5v,"Kizami Nori - Cortado en tiras","Algas nori",unidad,0,2,0,Cominport
pklbhvqoy,"Nori Cup Tartaletas de alga nori","Algas nori",unidad,0,2,0,Cominport
t1apkg9dp,"Snack de Alga Nori condimentada","Algas nori",unidad,0,2,0,Cominport
k58bokekv,"Yakinori ""Kiwami""","Algas nori",unidad,0,2,0,Cominport
85x9j77ql,"Yakinori para onigiri","Algas nori",unidad,0,2,0,Cominport
nj2i76zhu,"Alga Hijiki","Algas y sésamo",unidad,0,2,0,Cominport
n16v3m62p,"Alga Kombu","Algas y sésamo",unidad,0,2,0,Cominport
klhwl312j,"Alga verde en polvo - Ao Nori Ko","Algas y sésamo",unidad,0,2,0,Cominport
dgoyz5fp7,"Algas Tosaka blanca en sal","Algas y sésamo",unidad,0,2,0,Cominport
2njynd54w,"Algas Tosaka roja en sal","Algas y sésamo",unidad,0,2,0,Cominport
evc2xzhrx,"Algas Tosaka verde en sal","Algas y sésamo",unidad,0,2,0,Cominport
op8z7goce,"Algas variadas secas - Kaiso salada","Algas y sésamo",unidad,0,2,0,Cominport
x9hbfb6ro,"Cut Wakame - Para ensalada, sopa…","Algas y sésamo",unidad,0,2,0,Cominport
cg3dta32o,"Cut Wakame - Para ensalada, sopa…","Algas y sésamo",unidad,0,2,0,Cominport
5pblnbdhp,"Cut Wakame - Para ensalada, sopa…","Algas y sésamo",unidad,0,2,0,Cominport
95yzyuona,"Pasta de sésamo - Neri Goma Shiro","Algas y sésamo",unidad,0,2,0,Cominport
vcmfvtpok,"Pasta de sésamo - Neri Goma Shiro","Algas y sésamo",unidad,0,2,0,Cominport
em52valxe,"Pasta de sésamo - Neri Goma Shiro","Algas y sésamo",unidad,0,2,0,Cominport
yc9t5krf4,"Sésamo blanco tostado - Shiro Goma","Algas y sésamo",unidad,0,2,0,Cominport
cirmghe4z,"Sésamo blanco tostado - Shiro Goma","Algas y sésamo",unidad,0,2,0,Cominport
n597ln9h1,"Sésamo negro tostado - Kuro Goma","Algas y sésamo",unidad,0,2,0,Cominport
sejtby6l9,"Sésamo negro tostado - Kuro Goma","Algas y sésamo",unidad,0,2,0,Cominport
iyc46al6j,"Sésamo tostado a la ciruela Ume","Algas y sésamo",unidad,0,2,0,Cominport
vxx3sypo0,"Sésamo tostado al Kimuchi","Algas y sésamo",unidad,0,2,0,Cominport
1714l2x4n,"Sésamo tostado al Kimuchi","Algas y sésamo",unidad,0,2,0,Cominport
dlubiwnqa,"Sésamo tostado al wasabi","Algas y sésamo",unidad,0,2,0,Cominport
fnwgod3ub,"Arroz Fukumaru ""Kiuchi""","Arroz, panko y tempura",unidad,0,2,0,Cominport
0beu3bjo7,"Arroz glutinoso verde en copos","Arroz, panko y tempura",unidad,0,2,0,Cominport
bjtn9q91o,"Arroz Hanayagi Select","Arroz, panko y tempura",unidad,0,2,0,Cominport
961u9b70x,"Arroz Integral Premium GEN-JI-MAI","Arroz, panko y tempura",unidad,0,2,0,Cominport
wqzvdaq4o,"Arroz Japonés de Niigata","Arroz, panko y tempura",unidad,0,2,0,Cominport
8m22qifef,"Arroz Japonés de Niigata","Arroz, panko y tempura",unidad,0,2,0,Cominport
9or9av1z8,"Arroz Japonés Mizumi ""Lake 65""","Arroz, panko y tempura",unidad,0,2,0,Cominport
nu1mlba4b,"Arroz Japonés “Takumi blend”","Arroz, panko y tempura",unidad,0,2,0,Cominport
jxqk0gkwn,"Arroz Japón Kitoku","Arroz, panko y tempura",unidad,0,2,0,Cominport
ftvvvtidw,"Arroz Japón Niigata Koshiibuki","Arroz, panko y tempura",unidad,0,2,0,Cominport
7mvzdcmy2,"Arroz Jazmín ""Daichi""","Arroz, panko y tempura",unidad,0,2,0,Cominport
ro0xf5o6f,"Arroz Jazmín “Thai Hom Mali” - Largo y aromático","Arroz, panko y tempura",unidad,0,2,0,Cominport
qm6vh6ghy,"Arroz Masamune - Arroz de grano corto.","Arroz, panko y tempura",unidad,0,2,0,Cominport
paplrqfev,"Arroz negro Venere","Arroz, panko y tempura",unidad,0,2,0,Cominport
0adwe3guf,"Arroz Niji no Kirameki","Arroz, panko y tempura",unidad,0,2,0,Cominport
77eohhrlp,"Arroz para Sushi Hanabi","Arroz, panko y tempura",unidad,0,2,0,Cominport
mtvdo24br,"Arroz Shinju Mai Koshihikari","Arroz, panko y tempura",unidad,0,2,0,Cominport
oz0e4vm45,"Arroz Shinju-Prime","Arroz, panko y tempura",unidad,0,2,0,Cominport
bvz1fpmyg,"Arroz Shinjumai","Arroz, panko y tempura",unidad,0,2,0,Cominport
b2a4b9kag,"Arroz Shinjumai","Arroz, panko y tempura",unidad,0,2,0,Cominport
4xbh1b75b,"Arroz Shinjumai Premium Musenmai","Arroz, panko y tempura",unidad,0,2,0,Cominport
gcsd9nuey,"Arroz Shinjumai rojo Musenmai","Arroz, panko y tempura",unidad,0,2,0,Cominport
dgkkioc3p,"Harina para Ramen ""Nissin""","Arroz, panko y tempura",unidad,0,2,0,Cominport
pax7kny52,"Masago Arare - Perlas de arroz","Arroz, panko y tempura",unidad,0,2,0,Cominport
soykux2wk,"Panko - Pan rallado estilo japonés","Arroz, panko y tempura",unidad,0,2,0,Cominport
1v0dfv4qq,"Panko “Kiwami” - Pan rallado estilo japonés","Arroz, panko y tempura",unidad,0,2,0,Cominport
3rdh92spa,"Panko “Kiwami” - Pan rallado estilo japonés","Arroz, panko y tempura",unidad,0,2,0,Cominport
dyfowz5lu,"Quinoa roja","Arroz, panko y tempura",unidad,0,2,0,Cominport
bn73sbcba,"Tempurako","Arroz, panko y tempura",unidad,0,2,0,Cominport
f9slq1d14,"Tempurako ""Welna""","Arroz, panko y tempura",unidad,0,2,0,Cominport
nwq2nsmyk,"Tempurako ""Welna""","Arroz, panko y tempura",unidad,0,2,0,Cominport
7n2uogah6,"Tempurako ""Welna""","Arroz, panko y tempura",unidad,0,2,0,Cominport
ejzp4ooho,"Tempurako “Kiwami”","Arroz, panko y tempura",unidad,0,2,0,Cominport
tkxtjzbv1,"Bayas Goji & té verde","Bebidas sin alcohol",unidad,0,2,0,Cominport
vyuhw61g6,"Bebida de aloe vera sabor mango","Bebidas sin alcohol",unidad,0,2,0,Cominport
3vchx5jst,"Bebida de aloe vera sabor original","Bebidas sin alcohol",unidad,0,2,0,Cominport
7rxeqoanb,"Bebida de aloe vera sabor sandia","Bebidas sin alcohol",unidad,0,2,0,Cominport
1te5t8yr9,"Bebida de Yuzu endulzada concentrada","Bebidas sin alcohol",unidad,0,2,0,Cominport
8llgclyz7,"Granada & té verde","Bebidas sin alcohol",unidad,0,2,0,Cominport
wgkricuda,"Limón & té verde","Bebidas sin alcohol",unidad,0,2,0,Cominport
m2ly5q3yh,"Ramune arándanos","Bebidas sin alcohol",unidad,0,2,0,Cominport
kyvr7wi7u,"Ramune de lychee","Bebidas sin alcohol",unidad,0,2,0,Cominport
pvax271q3,"Ramune de piña","Bebidas sin alcohol",unidad,0,2,0,Cominport
s6i6ii7qs,"Ramune matcha","Bebidas sin alcohol",unidad,0,2,0,Cominport
tcpr61eyy,"Alitas de pollo al sésamo","Carnes",unidad,0,2,0,Cominport
fsu7yxqjw,"Bocaditos de pollo con especias japonesas - Microondas","Carnes",unidad,0,2,0,Cominport
3fs42th5e,"Bocaditos de pollo con especias japonesas - Tori karaage","Carnes",unidad,0,2,0,Cominport
oq0yqeqwe,"Brocheta de bolitas de pollo a la parrilla con salsa yakitori. - Tsukune","Carnes",unidad,0,2,0,Cominport
ib32ug8xi,"Brocheta pollo satay ""Kiwami""","Carnes",unidad,0,2,0,Cominport
ccjri6y5u,"Brochetas de pollo asadas al carbón con salsa yakitori - Yakitori de pollo","Carnes",unidad,0,2,0,Cominport
lb2fwa6sx,"Brochetas de pollo asadas al carbón con salsa yakitori - Yakitori de pollo","Carnes",unidad,0,2,0,Cominport
a9t5gvfeb,"Chasu Panceta de cerdo marinada","Carnes",unidad,0,2,0,Cominport
hyzxglz1q,"Dados de pollo asado ""Kiwami""","Carnes",unidad,0,2,0,Cominport
ei8u8tq04,"Foie escalopes","Carnes",unidad,0,2,0,Cominport
crjp6nlon,"Foie mi-cuit 98º - Lata","Carnes",unidad,0,2,0,Cominport
q6r15gti3,"Hamburguesas Wagyu","Carnes",unidad,0,2,0,Cominport
vcagpb581,"Magret de pato - Entero","Carnes",unidad,0,2,0,Cominport
m4no3b6ff,"Miyazaki Ribeye (Lomo alto)","Carnes",unidad,0,2,0,Cominport
cafibvouf,"Miyazaki Ribeye (Lomo alto)","Carnes",unidad,0,2,0,Cominport
bfh5dz3be,"Miyazaki Striploin (Lomo bajo)","Carnes",unidad,0,2,0,Cominport
hp7l4j6dv,"Miyazaki Striploin (Lomo bajo)","Carnes",unidad,0,2,0,Cominport
ouj7abso4,"Miyazaki Tenderloin (solomillo)","Carnes",unidad,0,2,0,Cominport
6fvyxkzt7,"Miyazaki Tenderloin (solomillo)","Carnes",unidad,0,2,0,Cominport
csyvyst78,"Pato deshuesado","Carnes",unidad,0,2,0,Cominport
yg2mr2by4,"Pato desmigado","Carnes",unidad,0,2,0,Cominport
siy4sql3z,"Pechuga de pollo asado""Kiwami""","Carnes",unidad,0,2,0,Cominport
cxv11g7md,"Pollo pechuga asada","Carnes",unidad,0,2,0,Cominport
mtfoygooy,"Tiras de pollo asadas","Carnes",unidad,0,2,0,Cominport
u158z4k9t,"Tiras de pollo asado ""Kiwami""","Carnes",unidad,0,2,0,Cominport
8319oc1d3,"Tori karaage filete","Carnes",unidad,0,2,0,Cominport
xd8k31onj,"Tori karaage “Kiwami”","Carnes",unidad,0,2,0,Cominport
p89vxjbwc,"“Bandidos” de pollo «sweet & chili»","Carnes",unidad,0,2,0,Cominport
bvdtq6reu,"Barril de acero inoxidable","Cervezas",unidad,0,2,0,Cominport
x9scg5rsa,"Cerveza Asahi","Cervezas",unidad,0,2,0,Cominport
ghj3xwd8q,"Cerveza Coedo Beniaka","Cervezas",unidad,0,2,0,Cominport
pxkmgfhos,"Cerveza Coedo Kyara","Cervezas",unidad,0,2,0,Cominport
qd3mtivuw,"Cerveza Coedo Ruri","Cervezas",unidad,0,2,0,Cominport
hv1l1w8m7,"Cerveza Coedo Shiro","Cervezas",unidad,0,2,0,Cominport
c8qr5tyox,"Cerveza Echigo Tostada - Stout","Cervezas",unidad,0,2,0,Cominport
6eq5gp176,"Cerveza Kirin Ichiban","Cervezas",unidad,0,2,0,Cominport
klcffduo7,"Cerveza Kirin Ichiban","Cervezas",unidad,0,2,0,Cominport
4rz6b2a5q,"Cerveza Kirin Ichiban","Cervezas",unidad,0,2,0,Cominport
20jw00fjl,"Cerveza Kirin Ichiban 0.0","Cervezas",unidad,0,2,0,Cominport
4v2cpi0ar,"Cerveza Koshihikari","Cervezas",unidad,0,2,0,Cominport
ewn3vof3u,"Ajo negro","Conservas y harinas",unidad,0,2,0,Cominport
fnm8vy4nx,"Almidón de patata - Katakuriko","Conservas y harinas",unidad,0,2,0,Cominport
egcehaafa,"Almidón de patata - Katakuriko","Conservas y harinas",unidad,0,2,0,Cominport
6xogcsqfh,"Atún al natural - En conserva","Conservas y harinas",unidad,0,2,0,Cominport
4oav6usfx,"Atún en aceite girasol","Conservas y harinas",unidad,0,2,0,Cominport
osxs5pcgv,"Batata morada en polvo","Conservas y harinas",unidad,0,2,0,Cominport
oy7qkkl47,"Brotes de bambú","Conservas y harinas",unidad,0,2,0,Cominport
ozrpcudsm,"Ciruelas aliñadas - Umeboshi japonés","Conservas y harinas",unidad,0,2,0,Cominport
g66yp658h,"Harina arroz - Shiratamako","Conservas y harinas",unidad,0,2,0,Cominport
8xwh4q3kz,"Harina arroz glutinoso - Mochiko","Conservas y harinas",unidad,0,2,0,Cominport
8f537bxyd,"Harina de Kuzu","Conservas y harinas",unidad,0,2,0,Cominport
cww6mg0j2,"Harina especial frituras - Karaage Ko","Conservas y harinas",unidad,0,2,0,Cominport
i9dwao202,"Kimchi preparado","Conservas y harinas",unidad,0,2,0,Cominport
kipqgjvk5,"Kimchi repollo “Wang”","Conservas y harinas",unidad,0,2,0,Cominport
7rsv83tcw,"Kimchi rojo preparado","Conservas y harinas",unidad,0,2,0,Cominport
341ipoc71,"Lychees en almibar","Conservas y harinas",unidad,0,2,0,Cominport
rja4reoi6,"Nameko champiñones","Conservas y harinas",unidad,0,2,0,Cominport
m6ms1gke0,"Oblato - Obleas de almidón de patata","Conservas y harinas",unidad,0,2,0,Cominport
gj914nedl,"Papel de arroz redondo ""Kiwami""","Conservas y harinas",unidad,0,2,0,Cominport
i2l49gnbz,"Papel de arrroz cuadrado","Conservas y harinas",unidad,0,2,0,Cominport
loig6mod1,"Pasta de arroz - Kirimochi","Conservas y harinas",unidad,0,2,0,Cominport
1aav3g9ih,"Pasta de ciruela - Neri Ume","Conservas y harinas",unidad,0,2,0,Cominport
4swfh0bq8,"Yude azuki judía roja dulce","Conservas y harinas",unidad,0,2,0,Cominport
rsrf87wyk,"Golden curry «S&B» - Karakuchi picante","Curry",unidad,0,2,0,Cominport
5gakvno0s,"Golden curry «S&B» - Karakuchi picante","Curry",unidad,0,2,0,Cominport
1m5az64xb,"Java curry «House» - En tableta","Curry",unidad,0,2,0,Cominport
ijf1iprs9,"Pasta de Curry Amarillo Thai","Curry",unidad,0,2,0,Cominport
o8nmtcwpo,"Pasta de Curry Rojo Thai","Curry",unidad,0,2,0,Cominport
za0i6k93u,"Pasta de Curry Verde Thai","Curry",unidad,0,2,0,Cominport
lbv1cucm0,"Ramune de fresa","Curry",unidad,0,2,0,Cominport
eaynxxugn,"Ramune de melón","Curry",unidad,0,2,0,Cominport
wgrruc5jc,"Ramune de naranja","Curry",unidad,0,2,0,Cominport
4l5dj4wz6,"Ramune original","Curry",unidad,0,2,0,Cominport
02gw5ww1c,"Ramune yuzu","Curry",unidad,0,2,0,Cominport
fvyybu16r,"Salsa de curry ""Somi""","Curry",unidad,0,2,0,Cominport
qq8mw7m00,"Tasty curry mix Flakes - Copos de curry","Curry",unidad,0,2,0,Cominport
h1a2sisvr,"Tasty curry “S&B” - Medio Picante","Curry",unidad,0,2,0,Cominport
0jdc9ns3y,"Tasty curry “S&B” - Picante","Curry",unidad,0,2,0,Cominport
lztjt23oe,"Tasty curry “S&B” - Suave","Curry",unidad,0,2,0,Cominport
mp3h80ajh,"Edamame pelado - Habas de soja verde","Ensaladas",unidad,0,2,0,Cominport
9172na6s7,"Edamame pelado - Habas de soja verde","Ensaladas",unidad,0,2,0,Cominport
px9zv8yfz,"Edamame precocido - Habas de soja verde","Ensaladas",unidad,0,2,0,Cominport
ou4c7v16r,"Edamame precocido - Habas de soja verde","Ensaladas",unidad,0,2,0,Cominport
esl56a821,"Ensalada de cangrejo río - patata, masago.","Ensaladas",unidad,0,2,0,Cominport
dw2wbtfxb,"Ensalada de hijiki, edamame & quinoa","Ensaladas",unidad,0,2,0,Cominport
ufmkoa48p,"Ensalada hijiki y raíz de loto","Ensaladas",unidad,0,2,0,Cominport
c8p3kcmdi,"Ensalada preparada de calamares y verduras - Chuka ika Sansai","Ensaladas",unidad,0,2,0,Cominport
x6742k2ob,"Goma wakame - de algas y sésamo","Ensaladas",unidad,0,2,0,Cominport
51oi3b7gp,"Goma wakame - de algas y sésamo","Ensaladas",unidad,0,2,0,Cominport
btgn15mla,"Hoja de lima","Ensaladas",unidad,0,2,0,Cominport
m9b3oedf4,"Hoja de plátano - Hoja de banano","Ensaladas",unidad,0,2,0,Cominport
aim8c40wq,"Hojas de shiso - Oba","Ensaladas",unidad,0,2,0,Cominport
o2sjprjra,"Pasta de salmón ahumado","Ensaladas",unidad,0,2,0,Cominport
51svaohhu,"Raíz de loto cortada - Renkon slice","Ensaladas",unidad,0,2,0,Cominport
k2qmnjhex,"Soja fermentada - Natto","Ensaladas",unidad,0,2,0,Cominport
vefa9gy11,"Tortilla japonesa - Atsuyaki Tamago","Ensaladas",unidad,0,2,0,Cominport
ghapva0pj,"A01 - 166 x 115 x 20 mm","Envases take away",unidad,0,2,0,Cominport
7zlyq0d3n,"A01 - 166 x 115 x 20 mm","Envases take away",unidad,0,2,0,Cominport
623ooq5m5,"A02 - 185 x 120 x 20 mm","Envases take away",unidad,0,2,0,Cominport
q570wkec5,"A02 - 185 x 120 x 20 mm","Envases take away",unidad,0,2,0,Cominport
tdgi62nv6,"A03 - 213 x 134 x 20 mm","Envases take away",unidad,0,2,0,Cominport
5g5w77oim,"A05 - 171 x 91 x 20 mm","Envases take away",unidad,0,2,0,Cominport
fl70u0st5,"A05 - 171 x 91 x 20 mm","Envases take away",unidad,0,2,0,Cominport
s0rbfygvv,"A06 - 217 x 87 x 20 mm","Envases take away",unidad,0,2,0,Cominport
rumuv7sdn,"A06 - 217 x 87 x 20 mm","Envases take away",unidad,0,2,0,Cominport
b3azjd93a,"A07 - 224 x 150 x 20 mm","Envases take away",unidad,0,2,0,Cominport
qspbrz18y,"A07 - 224 x 150 x 20 mm","Envases take away",unidad,0,2,0,Cominport
k3vzlh226,"A09 - 136 x 80 x 20 mm","Envases take away",unidad,0,2,0,Cominport
t34ac0w99,"A09 - 136 x 80 x 20 mm","Envases take away",unidad,0,2,0,Cominport
9in31uc4u,"Bandeja Kraft 14x8cm PH-00 (Base)","Envases take away",unidad,0,2,0,Cominport
0ejgyt9sq,"Bandeja Kraft 14x8cm PH-00 (Tapa)","Envases take away",unidad,0,2,0,Cominport
vgf5m6a8h,"Bandeja Kraft 16,6x11,5cm PH-03 (Base)","Envases take away",unidad,0,2,0,Cominport
lmjuhfhof,"Bandeja Kraft 16,6x11,5cm PH-03 (Tapa)","Envases take away",unidad,0,2,0,Cominport
t14z0im7h,"Bandeja Kraft 16x9cm PH-01 (Base)","Envases take away",unidad,0,2,0,Cominport
bhxzvnk4c,"Bandeja Kraft 16x9cm PH-01 (Tapa)","Envases take away",unidad,0,2,0,Cominport
mjx01uuf7,"Bandeja Kraft 18,5x13cm PH-05 (Base)","Envases take away",unidad,0,2,0,Cominport
8phc6n851,"Bandeja Kraft 18,5x13cm PH-05 (Tapa)","Envases take away",unidad,0,2,0,Cominport
okd3jfjhc,"Bandeja Kraft 22x14cm PH-07 (Base)","Envases take away",unidad,0,2,0,Cominport
6mj3ew804,"Bandeja Kraft 22x14cm PH-07 (Tapa)","Envases take away",unidad,0,2,0,Cominport
j8dqhbizf,"Bandeja Kraft 22x9cm PH-02 (Base)","Envases take away",unidad,0,2,0,Cominport
k8lu20wwv,"Bandeja Kraft 22x9cm PH-02 (Tapa)","Envases take away",unidad,0,2,0,Cominport
ehhdqotwa,"Bandeja Kraft 24x15,3cm PH-09 (Base)","Envases take away",unidad,0,2,0,Cominport
0yp73vxfa,"Bandeja Kraft 24x15,3cm PH-09 (Tapa)","Envases take away",unidad,0,2,0,Cominport
knii06ryh,"Bandeja Kraft 26x26cm PH-11 (Base)","Envases take away",unidad,0,2,0,Cominport
c1d57ojl3,"Bandeja Kraft 26x26cm PH-11 (Tapa)","Envases take away",unidad,0,2,0,Cominport
9t3rn8hdv,"Bandeja Kraft 31,4x31,4cm PH-36 (Base)","Envases take away",unidad,0,2,0,Cominport
f25we4ua1,"Bandeja Kraft 31,4x31,4cm PH-36 (Tapa)","Envases take away",unidad,0,2,0,Cominport
3w9291tyy,"Bento box","Envases take away",unidad,0,2,0,Cominport
367wmyoh1,"Bento box eco pulpa","Envases take away",unidad,0,2,0,Cominport
6ts4ba7q2,"Bento box eco pulpa","Envases take away",unidad,0,2,0,Cominport
nw4y76yws,"Bol kraft","Envases take away",unidad,0,2,0,Cominport
wacej2eyr,"Bol kraft","Envases take away",unidad,0,2,0,Cominport
amy5kmurv,"Bol kraft","Envases take away",unidad,0,2,0,Cominport
ssc5x6ac7,"Bol kraft","Envases take away",unidad,0,2,0,Cominport
l7vle8qgi,"Bol kraft","Envases take away",unidad,0,2,0,Cominport
lxueoyjlp,"Bol kraft","Envases take away",unidad,0,2,0,Cominport
1kgr4zean,"Bol kraft","Envases take away",unidad,0,2,0,Cominport
7tawwx1jr,"Bol para sopa","Envases take away",unidad,0,2,0,Cominport
ex11np635,"Domburi para microondas","Envases take away",unidad,0,2,0,Cominport
r6x8uc9v6,"Domburi para microondas","Envases take away",unidad,0,2,0,Cominport
yfahs5qfs,"Domburi para microondas","Envases take away",unidad,0,2,0,Cominport
eyowp2b0k,"Eco bowl 32 oz pulpa","Envases take away",unidad,0,2,0,Cominport
swe48hhs6,"Eco bowl 32 oz pulpa","Envases take away",unidad,0,2,0,Cominport
icza7an0l,"Eco box kraft (carton)","Envases take away",unidad,0,2,0,Cominport
gddwywinl,"Eco box kraft (carton)","Envases take away",unidad,0,2,0,Cominport
azc80ufbz,"Eco box kraft (carton)","Envases take away",unidad,0,2,0,Cominport
bugv2f0tr,"Eco box kraft (carton)","Envases take away",unidad,0,2,0,Cominport
a7mm1c1h5,"Eco box kraft (carton)","Envases take away",unidad,0,2,0,Cominport
u6qj9swu8,"Eco box kraft (carton)","Envases take away",unidad,0,2,0,Cominport
nhmrbuskg,"Eco box negro (carton)","Envases take away",unidad,0,2,0,Cominport
bray6kgjv,"Eco box negro (carton)","Envases take away",unidad,0,2,0,Cominport
vk35o1sze,"Eco box negro (carton)","Envases take away",unidad,0,2,0,Cominport
8nexwyj9m,"Eco box negro (carton)","Envases take away",unidad,0,2,0,Cominport
3p8px4amq,"Eco box negro (carton)","Envases take away",unidad,0,2,0,Cominport
47dj465wg,"Eco box negro (carton)","Envases take away",unidad,0,2,0,Cominport
f4yqh3og0,"Eco box negro (carton)","Envases take away",unidad,0,2,0,Cominport
1k7j26by0,"Eco envase pulpa 0.4","Envases take away",unidad,0,2,0,Cominport
fdznzt8s3,"Eco envase pulpa 0.4","Envases take away",unidad,0,2,0,Cominport
fcx8tza80,"Eco envase pulpa 0.4","Envases take away",unidad,0,2,0,Cominport
j8rnjn13x,"Eco envase pulpa 0.4","Envases take away",unidad,0,2,0,Cominport
ffq180mrf,"Eco envase pulpa 0.4","Envases take away",unidad,0,2,0,Cominport
5n0gpk17d,"Eco envase pulpa 0.4","Envases take away",unidad,0,2,0,Cominport
ng2qzkjer,"Eco envase pulpa 0.4","Envases take away",unidad,0,2,0,Cominport
gpj09iyce,"Eco envase pulpa 0.4","Envases take away",unidad,0,2,0,Cominport
lleof00y5,"Eco envase pulpa 0.4","Envases take away",unidad,0,2,0,Cominport
t4sbgsnlg,"Eco envase pulpa 0.4","Envases take away",unidad,0,2,0,Cominport
u786j4jaj,"Envase Mochi 2 pzas","Envases take away",unidad,0,2,0,Cominport
7fqbdv82z,"Envase Ramen (base) - para transporte Ramen","Envases take away",unidad,0,2,0,Cominport
23kqnn67q,"Envase Ramen (interior) - para transporte Ramen","Envases take away",unidad,0,2,0,Cominport
7aawtne9s,"Envase Ramen (tapa) - para transporte Ramen","Envases take away",unidad,0,2,0,Cominport
ydvqlr7x7,"RPET Sushi Yoki 0.6","Envases take away",unidad,0,2,0,Cominport
hpvgzyapf,"RPET Sushi Yoki 0.6","Envases take away",unidad,0,2,0,Cominport
ialf3poqk,"RPET Sushi Yoki 0.6","Envases take away",unidad,0,2,0,Cominport
vifi9608w,"RPET Sushi Yoki 0.6","Envases take away",unidad,0,2,0,Cominport
1uu6sbkkz,"RPET Sushi Yoki 0.6","Envases take away",unidad,0,2,0,Cominport
4ox3h290u,"RPET Sushi Yoki 0.6","Envases take away",unidad,0,2,0,Cominport
zg0o5li31,"RPET Sushi Yoki 0.6","Envases take away",unidad,0,2,0,Cominport
onfua9xrb,"RPET Sushi Yoki 0.6","Envases take away",unidad,0,2,0,Cominport
bk0twwd1k,"Sushi Oke","Envases take away",unidad,0,2,0,Cominport
40q1itkgf,"Sushi Oke Negro - 45 x 310 mm","Envases take away",unidad,0,2,0,Cominport
eyjnfpsjw,"Sushi Oke P-14 - 45 x 310 mm","Envases take away",unidad,0,2,0,Cominport
vt6hnprhe,"Sushi Yoki","Envases take away",unidad,0,2,0,Cominport
8zk9pdgvf,"Tarebin - Mini botellita de plástico","Envases take away",unidad,0,2,0,Cominport
zadpzdqc4,"Tarebin - Mini botellita de plástico","Envases take away",unidad,0,2,0,Cominport
6z4xoo3df,"Tarebin - Mini botellita de plástico","Envases take away",unidad,0,2,0,Cominport
sx3v7z6u6,"Tarrina para salsa 2 oz","Envases take away",unidad,0,2,0,Cominport
x5a5o7xvr,"Tarrinas kraft","Envases take away",unidad,0,2,0,Cominport
23i0sk91c,"Tarrinas kraft","Envases take away",unidad,0,2,0,Cominport
7f7uribqi,"Yakumizara - 7,5 x 5,5 x 1,5 cm","Envases take away",unidad,0,2,0,Cominport
5khhh8mpx,"Yakumizara - 7,5 x 5,5 x 1,5 cm","Envases take away",unidad,0,2,0,Cominport
i9gu5j7mm,"7 especias picantes - Shichimi tougarashi","Especias y otros",unidad,0,2,0,Cominport
yonwvd223,"7 especias picantes - Shichimi tougarashi","Especias y otros",unidad,0,2,0,Cominport
amrt5nh2c,"Aceite guindilla con ajo frito - Layu Taberu","Especias y otros",unidad,0,2,0,Cominport
1pq45wpzp,"Aceite guindilla con ajo frito - Layu Taberu","Especias y otros",unidad,0,2,0,Cominport
hwf80k9eq,"Anchoa en polvo - Niboshi en polvo","Especias y otros",unidad,0,2,0,Cominport
27du4w4mv,"Azúcar de palma","Especias y otros",unidad,0,2,0,Cominport
mdc6z279k,"Azúcar japonés blanco","Especias y otros",unidad,0,2,0,Cominport
i52mmnh1j,"Azúcar japonés moreno","Especias y otros",unidad,0,2,0,Cominport
1yfccy1fm,"Bonito seco en polvo - Katsuobushi-ko","Especias y otros",unidad,0,2,0,Cominport
yppwg1wme,"Bonito seco en virutas - Katsuobushi","Especias y otros",unidad,0,2,0,Cominport
lml6yngcp,"Bonito seco en virutas - Katsuobushi","Especias y otros",unidad,0,2,0,Cominport
akn0f3i25,"Caldo de bonito - Marutomo","Especias y otros",unidad,0,2,0,Cominport
a1umn754x,"Caldo de bonito - Shimaya","Especias y otros",unidad,0,2,0,Cominport
am5gnod3p,"Copos de pulpo ahumado - Takobushi","Especias y otros",unidad,0,2,0,Cominport
1cqcmxz0b,"Dashi No Moto Yamaki","Especias y otros",unidad,0,2,0,Cominport
rhoxrh524,"Filamentos de guindilla - Ito Tougarashi","Especias y otros",unidad,0,2,0,Cominport
adowc63h8,"Furikake de Curry","Especias y otros",unidad,0,2,0,Cominport
4mb6mtxvf,"Furikake Kaori - Shisho Verde","Especias y otros",unidad,0,2,0,Cominport
uk477jide,"Furikake nori wasabi","Especias y otros",unidad,0,2,0,Cominport
1ab3vmmc4,"Furikake Noritamago - Con alga, huevo y sésamo","Especias y otros",unidad,0,2,0,Cominport
madai8wn3,"Furikake Yukari - Shisho Morado","Especias y otros",unidad,0,2,0,Cominport
igt86uazw,"Glutamato monosódico - Ajinomoto","Especias y otros",unidad,0,2,0,Cominport
h22maangd,"Glutamato monosódico - Ajinomoto","Especias y otros",unidad,0,2,0,Cominport
twkh35j5a,"Gochujang - Pasta picante coreana","Especias y otros",unidad,0,2,0,Cominport
qv9n3iky7,"Gochujang - Pasta picante coreana","Especias y otros",unidad,0,2,0,Cominport
m1djhrgy0,"Itogaki - Virutas bonito seco ahumado","Especias y otros",unidad,0,2,0,Cominport
23yzhgmrx,"Kaoru Yuzu - Condimento en polvo","Especias y otros",unidad,0,2,0,Cominport
lggtqv3pl,"Konbu Dashi - Shimaya Dashi","Especias y otros",unidad,0,2,0,Cominport
y5x3oqzjv,"Leche de coco","Especias y otros",unidad,0,2,0,Cominport
e8pvo1677,"Leche de coco brick Premium","Especias y otros",unidad,0,2,0,Cominport
9v9z2yp3t,"Leche de coco dulce","Especias y otros",unidad,0,2,0,Cominport
hvkqlss3k,"Leche de coco “Coco Xim”","Especias y otros",unidad,0,2,0,Cominport
1616a19lu,"Miora - Mejorante para arroz","Especias y otros",unidad,0,2,0,Cominport
q2s6t1nx8,"Momiji Oroshi","Especias y otros",unidad,0,2,0,Cominport
rh7cfqb5d,"Pasta de especias japonesas - Nama Shichimi","Especias y otros",unidad,0,2,0,Cominport
64z8vi9wt,"Pasta de Sate en polvo","Especias y otros",unidad,0,2,0,Cominport
ws13oontw,"Paté de trufa negra","Especias y otros",unidad,0,2,0,Cominport
t09xgh8g4,"Perlas de Tapioca","Especias y otros",unidad,0,2,0,Cominport
bbctxr2dl,"Pimienta Sansho - Sansho Ko","Especias y otros",unidad,0,2,0,Cominport
uwhg06e2u,"Polvo de bonito seco ahumado - Dashi Pack","Especias y otros",unidad,0,2,0,Cominport
gjq8e44o4,"Polvo de Pollo - Ajinomoto","Especias y otros",unidad,0,2,0,Cominport
e61javsoy,"Queso crema - Mlekovita","Especias y otros",unidad,0,2,0,Cominport
1ftydvttc,"Sal Japonesa - Hakata No Shio","Especias y otros",unidad,0,2,0,Cominport
8v6a0cx40,"Tamarindo","Especias y otros",unidad,0,2,0,Cominport
whblzwn9b,"Tamarindo","Especias y otros",unidad,0,2,0,Cominport
udqk579jn,"Tonburi - Caviar de tierra","Especias y otros",unidad,0,2,0,Cominport
f1gmj1uyb,"Trehalosa","Especias y otros",unidad,0,2,0,Cominport
hd30gk5y6,"Yuzu Kosho Aka (Rojo)","Especias y otros",unidad,0,2,0,Cominport
4rsaxxlz9,"Yuzu No Kawa - Piel de yuzu en polvo","Especias y otros",unidad,0,2,0,Cominport
zppjw0hwm,"Caldo para Ramen Kitano Miso ""Somi""","Fideos y pastas",unidad,0,2,0,Cominport
ljgrz3bfv,"Caldo para Ramen Paitan ""Somi""","Fideos y pastas",unidad,0,2,0,Cominport
dnqqzzadi,"Caldo para Ramen Shang Tang ""Somi""","Fideos y pastas",unidad,0,2,0,Cominport
v93k7vp0p,"Caldo para Ramen Shio ""Somi""","Fideos y pastas",unidad,0,2,0,Cominport
bfz7l3y01,"Caldo para Ramen Shoyu G ""Somi""","Fideos y pastas",unidad,0,2,0,Cominport
fufyu077u,"Chukasoba - Ramen - Origen: Japón","Fideos y pastas",unidad,0,2,0,Cominport
mrtuv90n4,"Chukasoba Mie Asli","Fideos y pastas",unidad,0,2,0,Cominport
77oik5db3,"Fideo finos 1mm","Fideos y pastas",unidad,0,2,0,Cominport
ji1t0x1li,"Fideo Ramen ""Kiwami""","Fideos y pastas",unidad,0,2,0,Cominport
vgdf3nc3g,"Fideo Udon ""Kiwami""","Fideos y pastas",unidad,0,2,0,Cominport
crn4312nc,"Fideos al té verde - Cha soba","Fideos y pastas",unidad,0,2,0,Cominport
lo3eie43b,"Fideos de Alforfón - Nihon Soba","Fideos y pastas",unidad,0,2,0,Cominport
5oh5o5q11,"Fideos de arroz - Wai Wai","Fideos y pastas",unidad,0,2,0,Cominport
wrrj60nj9,"Fideos de judia mungo","Fideos y pastas",unidad,0,2,0,Cominport
bx94rovqw,"Fideos de Soja - mungo","Fideos y pastas",unidad,0,2,0,Cominport
4azyhs09f,"Fideos de Soja - mungo","Fideos y pastas",unidad,0,2,0,Cominport
umv8eoz8h,"Fideos finos de trigo - Somen","Fideos y pastas",unidad,0,2,0,Cominport
ks9b7t6wn,"Fideos planos secos - Hoshi Udon “Kaku”","Fideos y pastas",unidad,0,2,0,Cominport
gpkks54se,"Fideos Ramen","Fideos y pastas",unidad,0,2,0,Cominport
d70kadkes,"Fideos Udon","Fideos y pastas",unidad,0,2,0,Cominport
r20r4yt7v,"Fideos Udon Takara","Fideos y pastas",unidad,0,2,0,Cominport
d5oexswku,"Matsu Noodle - 30 seg. de cocción","Fideos y pastas",unidad,0,2,0,Cominport
b7effd1gn,"Sapporo Noodle - 1,2 min de cocción","Fideos y pastas",unidad,0,2,0,Cominport
x5cgxyh8b,"Tallarines de arroz","Fideos y pastas",unidad,0,2,0,Cominport
wkcxbmxxy,"Tallarines Wok nº2","Fideos y pastas",unidad,0,2,0,Cominport
dwpcs381g,"Temomi Noodle - 2,5 min de cocción","Fideos y pastas",unidad,0,2,0,Cominport
9rfsuwfxn,"Tokyo Wavy Noodle - 1,35 min de cocción","Fideos y pastas",unidad,0,2,0,Cominport
8ey7ninkl,"Yakisoba con verduras","Fideos y pastas",unidad,0,2,0,Cominport
vnm34ops5,"Yakisoba fresco","Fideos y pastas",unidad,0,2,0,Cominport
mv6m5xz3l,"Yakisoba fresco","Fideos y pastas",unidad,0,2,0,Cominport
v7d4z7qzh,"Bao relleno Vegetales/ Jengibre","Gyozas y baos",unidad,0,2,0,Cominport
hqqj9ehmy,"Burger bao","Gyozas y baos",unidad,0,2,0,Cominport
1rgzprmbo,"Croquetas japonesas de calabaza - Kabocha Korokke","Gyozas y baos",unidad,0,2,0,Cominport
273pq3n1w,"Gyoza de cerdo y repo llo ""Chimei""","Gyozas y baos",unidad,0,2,0,Cominport
ktfqlatj3,"Gyoza de Salmón ""Kiwami""","Gyozas y baos",unidad,0,2,0,Cominport
phpivlvfg,"Gyozas ""Ajinomoto"" de langostinos para Microondas","Gyozas y baos",unidad,0,2,0,Cominport
o9d2j3ctu,"Gyozas ""Ajinomoto"" de pollo o vegetal para Microondas","Gyozas y baos",unidad,0,2,0,Cominport
57qwhe26q,"Gyozas ""Ajinomoto"" de setas y edamame","Gyozas y baos",unidad,0,2,0,Cominport
dumgfq78c,"Gyozas de cerdo - Empadillas de cerdo y verduras","Gyozas y baos",unidad,0,2,0,Cominport
dchk5uogv,"Gyozas de gamba y jengibre","Gyozas y baos",unidad,0,2,0,Cominport
znfye9htg,"Gyozas de Langostino ""Pre-Doradas""","Gyozas y baos",unidad,0,2,0,Cominport
sl2xioia0,"Gyozas de langostinos","Gyozas y baos",unidad,0,2,0,Cominport
or87fsbjb,"Gyozas de pollo pre-doradas “Hamamatsu”","Gyozas y baos",unidad,0,2,0,Cominport
7pk0klgy4,"Gyozas de pollo “Hamamatsu”","Gyozas y baos",unidad,0,2,0,Cominport
8ky0xv59z,"Gyozas de tofu y verduras","Gyozas y baos",unidad,0,2,0,Cominport
uvn6hfg0h,"Gyozas de vegetales “Hamamatsu”","Gyozas y baos",unidad,0,2,0,Cominport
v1354gbe1,"Gyozas “Ajinomoto” de cerdo","Gyozas y baos",unidad,0,2,0,Cominport
ilkfmmtv9,"Gyozas “Ajinomoto” de langostinos","Gyozas y baos",unidad,0,2,0,Cominport
dhfokwdy2,"Gyozas “Ajinomoto” de manzana","Gyozas y baos",unidad,0,2,0,Cominport
1pqlm3n5n,"Gyozas “Ajinomoto” de pato","Gyozas y baos",unidad,0,2,0,Cominport
3qquf2uuy,"Gyozas “Ajinomoto” de pollo y verduras","Gyozas y baos",unidad,0,2,0,Cominport
jj8euwxdm,"Gyozas “Ajinomoto” de ternera","Gyozas y baos",unidad,0,2,0,Cominport
096lc4sbj,"Gyozas “Ajinomoto” de verduras","Gyozas y baos",unidad,0,2,0,Cominport
qv36glt4w,"Gyozas “Ajinomoto” Katsu curry","Gyozas y baos",unidad,0,2,0,Cominport
w2ompeezi,"Gyozas “Ajinomoto” Korean Style ternera","Gyozas y baos",unidad,0,2,0,Cominport
pcztqkbst,"Gyozas “Ajinomoto” Thai Style pollo","Gyozas y baos",unidad,0,2,0,Cominport
13ol2o1ff,"Gyozas “Ajinomoto” verduras verde","Gyozas y baos",unidad,0,2,0,Cominport
crscgsq2i,"Hagkao de marisco - Empadillas de marisco","Gyozas y baos",unidad,0,2,0,Cominport
etzy79q6f,"Imo Mochi “Ajinomoto” Queso","Gyozas y baos",unidad,0,2,0,Cominport
x33cf99oz,"Nems de langostino y verdura - Rollitos vietnamitas","Gyozas y baos",unidad,0,2,0,Cominport
g9ovt9oak,"Oyaki “Ajinomoto” de ternera Shoyu","Gyozas y baos",unidad,0,2,0,Cominport
9tetqvkfl,"Oyaki “Ajinomoto” Nira vegetal","Gyozas y baos",unidad,0,2,0,Cominport
mob1xqthq,"Pan « GWA BAO »","Gyozas y baos",unidad,0,2,0,Cominport
tjucaijy8,"Pan « GWA BAO »","Gyozas y baos",unidad,0,2,0,Cominport
ewey4491n,"Pan « GWA BAO » mini","Gyozas y baos",unidad,0,2,0,Cominport
bapah0jbi,"Pan « GWA BAO » negro","Gyozas y baos",unidad,0,2,0,Cominport
djgnt3spg,"Pan « GWA BAO » negro","Gyozas y baos",unidad,0,2,0,Cominport
kbahvhz7l,"Pasta de Gyoza","Gyozas y baos",unidad,0,2,0,Cominport
l6lbdrzfu,"Pasta de Gyoza - Gyoza No Kawa","Gyozas y baos",unidad,0,2,0,Cominport
1t93e0vq5,"Pasta de Gyoza - Gyoza No Kawa","Gyozas y baos",unidad,0,2,0,Cominport
u8hgqa26w,"Pasta de pato Pekín","Gyozas y baos",unidad,0,2,0,Cominport
bnmrhu79c,"Pasta de Wonton para Freir","Gyozas y baos",unidad,0,2,0,Cominport
w8myeumu8,"Pasta para Wonton","Gyozas y baos",unidad,0,2,0,Cominport
7kos3jbtp,"Pasta para Wonton ""Tokyo Wantan""","Gyozas y baos",unidad,0,2,0,Cominport
tfslbz7r1,"Pasta rollo primavera","Gyozas y baos",unidad,0,2,0,Cominport
xmm576p0f,"Pasta rollo primavera","Gyozas y baos",unidad,0,2,0,Cominport
88o79ajhg,"Pasta rollo primavera","Gyozas y baos",unidad,0,2,0,Cominport
jnprrfrni,"Rollitos de primavera de Pato Hoisin","Gyozas y baos",unidad,0,2,0,Cominport
piua3kv0z,"Rollitos de primavera vegetales","Gyozas y baos",unidad,0,2,0,Cominport
elfmb7rbt,"Samosas de pollo al curry","Gyozas y baos",unidad,0,2,0,Cominport
u411rcmrx,"Shumai de cerdo - Empanadillas de cerdo","Gyozas y baos",unidad,0,2,0,Cominport
y30mf2x8r,"Shumai de cerdo - Empanadillas de cerdo","Gyozas y baos",unidad,0,2,0,Cominport
d4igs37mm,"Xiao Long Bao - Bola rellena de carne (cerdo)","Gyozas y baos",unidad,0,2,0,Cominport
8trqlw4hk,"Huevas de capelán","Huevas de pescado",unidad,0,2,0,Cominport
8arm6oip7,"Huevas de capelán","Huevas de pescado",unidad,0,2,0,Cominport
di9rh4u4m,"Huevas de capelán - Masago negro","Huevas de pescado",unidad,0,2,0,Cominport
ifhq7q0uv,"Huevas de capelán - Wasabi","Huevas de pescado",unidad,0,2,0,Cominport
ispdu7q8i,"Huevas de erizo - Strongylocentrotus franciscanus","Huevas de pescado",unidad,0,2,0,Cominport
0pj9bt6tn,"Huevas de erizo - Strongylocentrotus franciscanus","Huevas de pescado",unidad,0,2,0,Cominport
mz89m2ggd,"Huevas de erizo gallego - Paracentrotus lividus","Huevas de pescado",unidad,0,2,0,Cominport
w0b8tlrek,"Huevas de erizo gallego - Paracentrotus lividus","Huevas de pescado",unidad,0,2,0,Cominport
t5z5hqf5c,"Huevas de erizo gallego en conserva - Paracentrotus lividus","Huevas de pescado",unidad,0,2,0,Cominport
4n58qd8ml,"Huevas de pez volador - Tobiko naranja","Huevas de pescado",unidad,0,2,0,Cominport
8xkof29cv,"Huevas de pez volador - Tobiko naranja","Huevas de pescado",unidad,0,2,0,Cominport
uzt2cy1hy,"Huevas de pez volador - Tobiko Negro","Huevas de pescado",unidad,0,2,0,Cominport
1pubs8cb7,"Huevas de pez volador - Tobiko rojo","Huevas de pescado",unidad,0,2,0,Cominport
akmm3gyz2,"Huevas de pez volador - Tobiko rojo","Huevas de pescado",unidad,0,2,0,Cominport
nptf8i9c9,"Huevas de pez volador - Tobiko Wasabi","Huevas de pescado",unidad,0,2,0,Cominport
lrf8uhv3k,"Huevas de pez volador - Tobiko yuzu","Huevas de pescado",unidad,0,2,0,Cominport
vdq2c27i5,"Pasta huevas de abadejo picantes - Mentaiko","Huevas de pescado",unidad,0,2,0,Cominport
drbcg02u0,"Aperitivo Japonés ""Geisha Mix"" - Mixed Arare","Licores",unidad,0,2,0,Cominport
hesay14wm,"Chips de camarón ""Kiwami""","Licores",unidad,0,2,0,Cominport
8lurr5au0,"Dulce de judía roja - Neri Yokan","Licores",unidad,0,2,0,Cominport
h7khae9ue,"Guisantes al wasabi - Wasabi peas. Origen: Japón","Licores",unidad,0,2,0,Cominport
8a7x7qmfa,"Miso - Akadashi","Miso y tofu",unidad,0,2,0,Cominport
1vwrxdzdb,"Miso Blanco Marukome - Shiro miso","Miso y tofu",unidad,0,2,0,Cominport
9h0hyldrc,"Miso Blanco Marukome - Shiro miso","Miso y tofu",unidad,0,2,0,Cominport
vxkiakw7q,"Miso Rojo Marukome - Aka miso","Miso y tofu",unidad,0,2,0,Cominport
e3fha0p9v,"Miso Rojo Marukome - Aka miso","Miso y tofu",unidad,0,2,0,Cominport
ferwwwzhs,"Nama Shio-Koji Marukome","Miso y tofu",unidad,0,2,0,Cominport
2l2f9e3hu,"Posos de Sake Daiginjo","Miso y tofu",unidad,0,2,0,Cominport
c4c08ews1,"Saikyo Miso dulce - Saikyo Shiro Miso","Miso y tofu",unidad,0,2,0,Cominport
jq3gq2i22,"Sopa instantánea Miso wakame y tofu","Miso y tofu",unidad,0,2,0,Cominport
3ufvwx67x,"Tofu firme","Miso y tofu",unidad,0,2,0,Cominport
oy4wglo7w,"Tofu firme Morinaga","Miso y tofu",unidad,0,2,0,Cominport
1o97ejhht,"Tofu frito - Ajitsuke Inari","Miso y tofu",unidad,0,2,0,Cominport
ya3vscxox,"Yuba Nata de soja","Miso y tofu",unidad,0,2,0,Cominport
y55navfb8,"Brocheta Bambú - Takegushi","Palillos y brochetas",unidad,0,2,0,Cominport
0sq6smsrr,"Brocheta Bambú - Takegushi","Palillos y brochetas",unidad,0,2,0,Cominport
0ivy76stc,"Brocheta Bambú - Takegushi","Palillos y brochetas",unidad,0,2,0,Cominport
o9h74c4xh,"Brocheta pistola Bambú - Teppo Gushi","Palillos y brochetas",unidad,0,2,0,Cominport
zwhkq9klu,"Brocheta pistola Bambú - Teppo Gushi","Palillos y brochetas",unidad,0,2,0,Cominport
v451uoin2,"Brocheta pistola Bambú - Teppo Gushi","Palillos y brochetas",unidad,0,2,0,Cominport
z2az498ag,"Palillos Bambú 2 puntas - 8 cm - Matsuba Gushi","Palillos y brochetas",unidad,0,2,0,Cominport
s9vp23hvd,"Palillos de bambú","Palillos y brochetas",unidad,0,2,0,Cominport
m34pfyj0d,"Palillos de bambú","Palillos y brochetas",unidad,0,2,0,Cominport
tb7c4hrox,"Palillos de bambú con funda - 21 cm","Palillos y brochetas",unidad,0,2,0,Cominport
axmjrwyb4,"Palillos de bambú sin funda oscuros - 21 cm","Palillos y brochetas",unidad,0,2,0,Cominport
qralpb3o1,"Palillos Jokoban","Palillos y brochetas",unidad,0,2,0,Cominport
2uggcfo7z,"Palillos Jokoban con funda - 21 cm","Palillos y brochetas",unidad,0,2,0,Cominport
iqt8mn8n5,"Palillos Jokoban con funda cerrada","Palillos y brochetas",unidad,0,2,0,Cominport
bzvp1mkru,"Palillos lacados para comer","Palillos y brochetas",unidad,0,2,0,Cominport
q4ebosw01,"Palillos Lazo - 9 cm - Noshi Gushi","Palillos y brochetas",unidad,0,2,0,Cominport
sxurc13iy,"Palillos Nabashi - Para cocinar - Bambú","Palillos y brochetas",unidad,0,2,0,Cominport
rw8iuzi35,"Palillos reutilizables Alloy","Palillos y brochetas",unidad,0,2,0,Cominport
px67zhfhe,"Palillos Rikyu - 24 cm","Palillos y brochetas",unidad,0,2,0,Cominport
oqhct1uuj,"Palillos Rikyu - 24 cm","Palillos y brochetas",unidad,0,2,0,Cominport
24sc2761i,"Palillos sin funda - Ezo Pino","Palillos y brochetas",unidad,0,2,0,Cominport
6a7vzatyl,"Palillos Take bambú","Palillos y brochetas",unidad,0,2,0,Cominport
ggid5mv0v,"Palillos Twin bambú oscuros - 21 cm","Palillos y brochetas",unidad,0,2,0,Cominport
5khvdbg0b,"Almeja roja","Pescados y mariscos",unidad,0,2,0,Cominport
yufy6mpwm,"Ama Ebi entero - Amaebi","Pescados y mariscos",unidad,0,2,0,Cominport
ciema0fw9,"Ama ebi Gamba dulce en carpaccio","Pescados y mariscos",unidad,0,2,0,Cominport
ud64m1ngv,"Ama Ebi pelado - Muki Amaebi","Pescados y mariscos",unidad,0,2,0,Cominport
l7g56a3it,"Anguila ahumada - Anguila preparada","Pescados y mariscos",unidad,0,2,0,Cominport
ravrlxwi1,"Anguila ahumada - Anguila preparada","Pescados y mariscos",unidad,0,2,0,Cominport
oc9l9be0k,"Anguila asada sin salsa - Unagi Shirayaki","Pescados y mariscos",unidad,0,2,0,Cominport
tx7bxc3qw,"Anguila semi curada - Chapadillo anguila","Pescados y mariscos",unidad,0,2,0,Cominport
xgb1oo5ns,"Atún dados - Thunnus albacares","Pescados y mariscos",unidad,0,2,0,Cominport
e9y7j0cl2,"Atún dados - Thunnus albacares","Pescados y mariscos",unidad,0,2,0,Cominport
k79xhhnha,"Atún lomo - Thunnus albacares","Pescados y mariscos",unidad,0,2,0,Cominport
o8i2m6d2l,"Atún Saku 250-300 gr./pz - Thunnus albacares","Pescados y mariscos",unidad,0,2,0,Cominport
ca792i4s5,"Atún Saku lomo AKAMI - Thunnus thynnus","Pescados y mariscos",unidad,0,2,0,Cominport
eeuaj0pqe,"Atún Saku lomo CHUTORO - Thunnus thynnus","Pescados y mariscos",unidad,0,2,0,Cominport
npffefgjt,"Atún Saku OTORO - Thunnus thynnus","Pescados y mariscos",unidad,0,2,0,Cominport
qov5tbkhb,"Atún Yellowfin lomo - Thunnus albacares","Pescados y mariscos",unidad,0,2,0,Cominport
ugzjuwvzp,"Atún “migas” - Thunnus thynnus","Pescados y mariscos",unidad,0,2,0,Cominport
5jqytwckd,"Bocaditos de pulpo rebozado - Tako Tatsuta Age","Pescados y mariscos",unidad,0,2,0,Cominport
lyl73r164,"Bogavante carne crudo KG - Cola + Pinzas + codos","Pescados y mariscos",unidad,0,2,0,Cominport
5cksmadjk,"Brocheta Langostino Torpedo","Pescados y mariscos",unidad,0,2,0,Cominport
roz3t0j8w,"Caballa marinada - Shime Saba","Pescados y mariscos",unidad,0,2,0,Cominport
bf8o29gyt,"Chikuwa pastel pescado ""Kibun""","Pescados y mariscos",unidad,0,2,0,Cominport
2s8r8e5m7,"Colas de langostinos Black Tiger (peladas y desvenadas)","Pescados y mariscos",unidad,0,2,0,Cominport
ywdx8pva5,"Congrio Preparado - Anago kabayaki","Pescados y mariscos",unidad,0,2,0,Cominport
ns1752254,"Croqueta Gamba Roja con Panko ""Kiwami""","Pescados y mariscos",unidad,0,2,0,Cominport
9ibgzoykv,"Escolar negro lomo - Pez mantequilla","Pescados y mariscos",unidad,0,2,0,Cominport
sqgycgbec,"Escolar negro lomo premium","Pescados y mariscos",unidad,0,2,0,Cominport
pd88xto04,"Filete Tilapia - Izumidai","Pescados y mariscos",unidad,0,2,0,Cominport
sy0qajeuq,"Gindara de Alaska (Peso variable por kg.) - cabeza","Pescados y mariscos",unidad,0,2,0,Cominport
bdq24xzii,"Gindara de Alaska (Peso variable por kg.) - cabeza","Pescados y mariscos",unidad,0,2,0,Cominport
6qxv1wj8w,"Gindara de Alaska (Peso variable por kg.) - cabeza","Pescados y mariscos",unidad,0,2,0,Cominport
t91mswt1c,"Hamburguesa prefrita langostino","Pescados y mariscos",unidad,0,2,0,Cominport
7delwrnr8,"Huevas de salmón Keta - Ikura de Alaska","Pescados y mariscos",unidad,0,2,0,Cominport
2o311huv6,"IKA Sushi neta (sepia en lonchas) - Ika neta","Pescados y mariscos",unidad,0,2,0,Cominport
yhn3pi7lz,"IKA Sushi neta (sepia en lonchas) - Ika neta","Pescados y mariscos",unidad,0,2,0,Cominport
x7ghue6q7,"Izumidai Tilapia sushi neta - Oreochromis niloticus","Pescados y mariscos",unidad,0,2,0,Cominport
fjlovp8su,"Jumbo","Pescados y mariscos",unidad,0,2,0,Cominport
f7f0k7ojq,"Jumbo","Pescados y mariscos",unidad,0,2,0,Cominport
vx6qz3ws1,"Kani carne cangrejo Antártico","Pescados y mariscos",unidad,0,2,0,Cominport
hg5yeaf1q,"Kani carne de cangrejo - Zuwaigani","Pescados y mariscos",unidad,0,2,0,Cominport
9f3b15m1f,"Kanikama Sushi","Pescados y mariscos",unidad,0,2,0,Cominport
c3g6shbn7,"Langosta cruda Tristan - Jasus tristani","Pescados y mariscos",unidad,0,2,0,Cominport
gq63vv2uh,"Langostino cocido Sushi - Sushi Ebi","Pescados y mariscos",unidad,0,2,0,Cominport
cahnozw7y,"Langostino cocido Sushi - Sushi Ebi","Pescados y mariscos",unidad,0,2,0,Cominport
hzwnxs46f,"Langostino con hilo de patata","Pescados y mariscos",unidad,0,2,0,Cominport
07g5bjcit,"Langostino con panko - Ebi Fry","Pescados y mariscos",unidad,0,2,0,Cominport
yi1t8zcqa,"Langostino con panko - Ebi Fry","Pescados y mariscos",unidad,0,2,0,Cominport
ya6lg32ro,"Langostino con panko - Ebi Fry","Pescados y mariscos",unidad,0,2,0,Cominport
ua3sl962r,"Langostino con panko - Ebi Fry","Pescados y mariscos",unidad,0,2,0,Cominport
h6iok7ydv,"Langostino para tempura - Nobashi Ebi","Pescados y mariscos",unidad,0,2,0,Cominport
oglj71ocd,"Langostino para tempura - Nobashi Ebi","Pescados y mariscos",unidad,0,2,0,Cominport
jylwa3k3q,"Langostino para tempura - Nobashi Ebi","Pescados y mariscos",unidad,0,2,0,Cominport
n7y91d5q4,"Langostino prefrito tempura","Pescados y mariscos",unidad,0,2,0,Cominport
ta4j8nftc,"Langostino prefrito tempura","Pescados y mariscos",unidad,0,2,0,Cominport
3hwkivghu,"Langostinos tigre - Black Tiger 16/20","Pescados y mariscos",unidad,0,2,0,Cominport
27ldwf8xl,"Lomo y ventresca del mejor atún Bluefin - Thunnus thynnus","Pescados y mariscos",unidad,0,2,0,Cominport
j0x5hbbo9,"Lubina semisalvaje entera - Dicentrarchux labrax","Pescados y mariscos",unidad,0,2,0,Cominport
l8gmuzpvw,"Merluza negra filetes ""Iceberg""","Pescados y mariscos",unidad,0,2,0,Cominport
38cfo55dw,"Merluza negra patagonian toothfish - Eviscerado, sin cabeza, sin cola","Pescados y mariscos",unidad,0,2,0,Cominport
sthw761op,"Merluza negra patagonian toothfish - Eviscerado, sin cabeza, sin cola","Pescados y mariscos",unidad,0,2,0,Cominport
cggun26us,"Narutomaki - Pastel de Pescado","Pescados y mariscos",unidad,0,2,0,Cominport
107unm9f1,"Okonomiyaki brochetas","Pescados y mariscos",unidad,0,2,0,Cominport
gowmzsner,"Ostra francesa 1/2 concha nº 2 - Crassostrea gigas","Pescados y mariscos",unidad,0,2,0,Cominport
5io49oxdl,"Ostras fritas con panko","Pescados y mariscos",unidad,0,2,0,Cominport
6cmyax8gn,"Ostras Japonesas","Pescados y mariscos",unidad,0,2,0,Cominport
ceuug44lr,"Palitos de surimi 18 cm - Kanikamaboko","Pescados y mariscos",unidad,0,2,0,Cominport
y6grwu0so,"Pez Limón en filete (Hamachi) - Seriola lalandi","Pescados y mariscos",unidad,0,2,0,Cominport
uo1e3ct2w,"Pez Limón en filete con piel (Hamachi) - Seriola lalandi","Pescados y mariscos",unidad,0,2,0,Cominport
1xu7iixgi,"Pez Limón en filete con piel (Hamachi) - Seriola lalandi","Pescados y mariscos",unidad,0,2,0,Cominport
jll9nka99,"Pez Limón entero (Hamachi) - Seriola lalandi","Pescados y mariscos",unidad,0,2,0,Cominport
4o10544q2,"Pulpo en lonchas - Tako sushi neta","Pescados y mariscos",unidad,0,2,0,Cominport
is52kkxxo,"Rollitos langostino en pasta filo","Pescados y mariscos",unidad,0,2,0,Cominport
ksaluhhjz,"Salmón en lonchas - Salmón sushi neta","Pescados y mariscos",unidad,0,2,0,Cominport
xtrpmn5ar,"Salmón noruego - Salmo salar","Pescados y mariscos",unidad,0,2,0,Cominport
omppp0v31,"Salmón Noruego en Dados","Pescados y mariscos",unidad,0,2,0,Cominport
85dbwobi5,"Salmón Noruego filete Trim E - Salmo salar","Pescados y mariscos",unidad,0,2,0,Cominport
0ha2kpllp,"Salmón Noruego filete Trim E - Salmo salar","Pescados y mariscos",unidad,0,2,0,Cominport
sx8xm57y6,"Salmón Real filete ""Ora King""","Pescados y mariscos",unidad,0,2,0,Cominport
3uws0l8mp,"Salmón rojo Sockeye salvaje de Alaska - Oncorhynchus nerka","Pescados y mariscos",unidad,0,2,0,Cominport
s344l6szp,"Salmón Sockeye de Alaska filete rojo - Oncorhynchus nerka","Pescados y mariscos",unidad,0,2,0,Cominport
49bva0p4l,"Snow crab patas - (Carne de Snow Crab)","Pescados y mariscos",unidad,0,2,0,Cominport
6b7qin90t,"SOFT SHELL CRAB - CANGREJO DE CONCHA BLANDA - Hotels","Pescados y mariscos",unidad,0,2,0,Cominport
nk3vtimmj,"SOFT SHELL CRAB - CANGREJO DE CONCHA BLANDA - Hotels","Pescados y mariscos",unidad,0,2,0,Cominport
qdj1sid3p,"SOFT SHELL CRAB - CANGREJO DE CONCHA BLANDA - Hotels","Pescados y mariscos",unidad,0,2,0,Cominport
8ilbkvq73,"Sushi Ebi","Pescados y mariscos",unidad,0,2,0,Cominport
0b289ul52,"Takoyaki - Buñuelos de pulpo","Pescados y mariscos",unidad,0,2,0,Cominport
l4fsopydp,"Takoyaki - Buñuelos de pulpo","Pescados y mariscos",unidad,0,2,0,Cominport
m9wwzlyd8,"Tataki de Bonito de vientre rayado - Katsuwonus Pelamis","Pescados y mariscos",unidad,0,2,0,Cominport
d5l5q1z5p,"Tentáculos de Pulpo premium cocidos ""Fremantle"" - Octopus djinda","Pescados y mariscos",unidad,0,2,0,Cominport
fzohtssel,"Unagi kabayaki en lonchas - Sushi neta","Pescados y mariscos",unidad,0,2,0,Cominport
udhtzmxli,"Unagi kabayaki filete - Anguila preparada","Pescados y mariscos",unidad,0,2,0,Cominport
3c5d5wxcs,"Unagi kabayaki filete - Anguila preparada","Pescados y mariscos",unidad,0,2,0,Cominport
g7svwez3r,"Unagi kabayaki filete - Anguila preparada","Pescados y mariscos",unidad,0,2,0,Cominport
vag6wqe3b,"Unagi kabayaki filete - Anguila preparada","Pescados y mariscos",unidad,0,2,0,Cominport
1xudm8o11,"Unagi kabayaki filete - Anguila preparada","Pescados y mariscos",unidad,0,2,0,Cominport
k1p601ofg,"Unagi kabayaki filete - Anguila preparada","Pescados y mariscos",unidad,0,2,0,Cominport
bg57lvtxd,"Unagi kabayaki filete - Anguila preparada","Pescados y mariscos",unidad,0,2,0,Cominport
fffatihu3,"Unagi kabayaki filete - Anguila preparada","Pescados y mariscos",unidad,0,2,0,Cominport
41wqwlak3,"Unagi kabayaki filete - Anguila preparada","Pescados y mariscos",unidad,0,2,0,Cominport
pevan7y62,"Vieira del Pacífico 1/2 concha - Argopecten purpuratus","Pescados y mariscos",unidad,0,2,0,Cominport
xo90fpe9o,"Vieira Patagonia - Kobashira","Pescados y mariscos",unidad,0,2,0,Cominport
5x9gmd7i9,"Vieiras - calidad sashimi”.","Pescados y mariscos",unidad,0,2,0,Cominport
qr47if854,"Vieiras - calidad sashimi”.","Pescados y mariscos",unidad,0,2,0,Cominport
zo5mdbndy,"Dorayaki de judía roja","Postres",unidad,0,2,0,Cominport
ocss11mi2,"Dorayaki de judía roja","Postres",unidad,0,2,0,Cominport
stsoaraur,"Dorayaki de judía roja","Postres",unidad,0,2,0,Cominport
hnqy43juk,"Dorayaki sin relleno","Postres",unidad,0,2,0,Cominport
liyo0m2cv,"Helado de arroz","Postres",unidad,0,2,0,Cominport
upknwbujz,"Helado de judía roja","Postres",unidad,0,2,0,Cominport
nzbibky1g,"Helado de judía roja","Postres",unidad,0,2,0,Cominport
jauzw5itq,"Helado de sésamo","Postres",unidad,0,2,0,Cominport
pvhhhtf0j,"Helado de sésamo","Postres",unidad,0,2,0,Cominport
wto1ew5su,"Helado de té verde","Postres",unidad,0,2,0,Cominport
w6wabcl6q,"Helado de té verde","Postres",unidad,0,2,0,Cominport
i2zmohsb6,"Helado de vainilla","Postres",unidad,0,2,0,Cominport
bs1099g01,"Helado violeta","Postres",unidad,0,2,0,Cominport
h5chxdnai,"Judía dulce Koshi-An - Aka-Neri","Postres",unidad,0,2,0,Cominport
bjqizkt8c,"Matcha Cheesecake","Postres",unidad,0,2,0,Cominport
fftkpqjq9,"Mochi Brown butter caramel","Postres",unidad,0,2,0,Cominport
zc75yo4gp,"Mochi cheesecake de fresa","Postres",unidad,0,2,0,Cominport
5ufwrap1f,"Mochi cheesecake de mango","Postres",unidad,0,2,0,Cominport
ctgnua3wv,"Mochi cheesecake frambuesa / chocolate blanco","Postres",unidad,0,2,0,Cominport
heiqlyvpy,"Mochi cheesecake fresa","Postres",unidad,0,2,0,Cominport
m0rdjpuri,"Mochi chocolate","Postres",unidad,0,2,0,Cominport
jpljxa6nu,"Mochi Cream Cacao","Postres",unidad,0,2,0,Cominport
selgxemi5,"Mochi Cream Café","Postres",unidad,0,2,0,Cominport
x93ys62ek,"Mochi Cream Caramelo & Almendras","Postres",unidad,0,2,0,Cominport
8wxkjc7s0,"Mochi Cream Castaña","Postres",unidad,0,2,0,Cominport
yukegq0c2,"Mochi Cream Choco & Banana","Postres",unidad,0,2,0,Cominport
2eaqwy19u,"Mochi Cream Fresa","Postres",unidad,0,2,0,Cominport
ppiyj4bf1,"Mochi Cream Mango","Postres",unidad,0,2,0,Cominport
gprwsmrp5,"Mochi Cream Piña & Coco","Postres",unidad,0,2,0,Cominport
toq2zzvox,"Mochi Cream Shiro-an Matcha","Postres",unidad,0,2,0,Cominport
wxdwdhwdv,"Mochi Cream Sésamo","Postres",unidad,0,2,0,Cominport
8xx8rppfq,"Mochi Cream Té Verde","Postres",unidad,0,2,0,Cominport
cl2d6326m,"Mochi Cream Vainilla","Postres",unidad,0,2,0,Cominport
hlmc7atp6,"Mochi Cream Yuzu","Postres",unidad,0,2,0,Cominport
o4dx9adae,"Mochi crepe blanco","Postres",unidad,0,2,0,Cominport
hb5stt4xm,"Mochi de judía roja y flor de cerezo - Sakura Mochi","Postres",unidad,0,2,0,Cominport
u0flpdhn1,"Mochi Ganache de chocolate","Postres",unidad,0,2,0,Cominport
hktz70fat,"Mochi helado de coco","Postres",unidad,0,2,0,Cominport
632gpyig8,"Mochi helado de frambuesa","Postres",unidad,0,2,0,Cominport
hl6m6ctt5,"Mochi helado de fresas con nata","Postres",unidad,0,2,0,Cominport
64o2nm58c,"Mochi helado de mango","Postres",unidad,0,2,0,Cominport
ov25baz6o,"Mochi helado de pistacho","Postres",unidad,0,2,0,Cominport
vfmaknnzo,"Mochi helado de Vainilla","Postres",unidad,0,2,0,Cominport
6sgklx2w6,"Mochi helado fruta de la pasión y mango","Postres",unidad,0,2,0,Cominport
7u6k8qvnx,"Mochi Very Berry sorbete de frutos rojos","Postres",unidad,0,2,0,Cominport
jkuy81nwb,"Sorbete de coco y yuzu","Postres",unidad,0,2,0,Cominport
ho560pwm4,"Sorbete de lima","Postres",unidad,0,2,0,Cominport
zk520xawf,"Sorbete de melón Furano","Postres",unidad,0,2,0,Cominport
d5v3msa8q,"Sorbete de wasabi","Postres",unidad,0,2,0,Cominport
ahi0l58nn,"Sorbete sake","Postres",unidad,0,2,0,Cominport
jqms2n70b,"Taiyaki mini","Postres",unidad,0,2,0,Cominport
wfspttkgo,"Tiramisú de té verde","Postres",unidad,0,2,0,Cominport
h2pp5rech,"Trufas de sake","Postres",unidad,0,2,0,Cominport
5cxbclas0,"Trufas de sake","Postres",unidad,0,2,0,Cominport
tva9hehq9,"Eikun Honjozo","Sake",unidad,0,2,0,Cominport
m1gqx0nti,"Fuku Mirin 3 años","Sake",unidad,0,2,0,Cominport
0o0458zr2,"Fukuju - Ginjo.","Sake",unidad,0,2,0,Cominport
onwq4i6to,"Fukumitsuya Kagatobi Dai Ginjo","Sake",unidad,0,2,0,Cominport
u0mgvlt66,"Fukumitsuya Kazeyo Mizuyo Hitoyo Junmai 9","Sake",unidad,0,2,0,Cominport
qt67knk2e,"Gokai Josen seco - cuando se calienta.","Sake",unidad,0,2,0,Cominport
f0nkow2j3,"Kagatobi Ginjo Umeshu","Sake",unidad,0,2,0,Cominport
4isaqmv6k,"Kagatobi Yamahai Junmai Cho Karakuchi","Sake",unidad,0,2,0,Cominport
2fds79c8p,"Kaori - afrutado refrescante.","Sake",unidad,0,2,0,Cominport
m6b1ucj8a,"Kuroobi Hyohyo Junmai Ginjo","Sake",unidad,0,2,0,Cominport
cgv2a4tma,"Kuroobi Yuyu Tokubetsu Junmai","Sake",unidad,0,2,0,Cominport
7ig33vjni,"Kuroobi Yuyu Tokubetsu Junmai","Sake",unidad,0,2,0,Cominport
ktk992w9n,"Kyoka GOLD","Sake",unidad,0,2,0,Cominport
z87f1lspq,"Kyoto Fushimizu Junmai","Sake",unidad,0,2,0,Cominport
03tm2nl49,"Kyoto Fushimizu Junmai","Sake",unidad,0,2,0,Cominport
o9pmsplp3,"Kyoto Fushimizu Junmai","Sake",unidad,0,2,0,Cominport
kklce6vpl,"Minanogawa Shiboritate Junmai Ginjo - Ginjo. Alcohol 15º","Sake",unidad,0,2,0,Cominport
zwup5flkk,"Momotose Chouki Jukusei Junmai 20 años","Sake",unidad,0,2,0,Cominport
x2ftlqqcn,"Nanbu Bijin All Koji","Sake",unidad,0,2,0,Cominport
8jzl6x588,"Nanbu Bijin Luciola","Sake",unidad,0,2,0,Cominport
k15u4tzap,"Nanbu Bijin Tokubetsu Junmai - aroma intenso y afrutado.","Sake",unidad,0,2,0,Cominport
e3j8n8fw8,"Naruto Tai - Ginjo Nama Genshu","Sake",unidad,0,2,0,Cominport
rr482phr0,"Ninki Ichi Gold - Junmai Daiginjo.","Sake",unidad,0,2,0,Cominport
chygb63lp,"Ninki Ichi Junmai Genshu - Junmai Muroka.","Sake",unidad,0,2,0,Cominport
5m4adzxy4,"Ninki Ichi Sparkling - Junmai Ginjo.","Sake",unidad,0,2,0,Cominport
fxhywsuv5,"Rihaku “Poeta Errante” - Junmai Ginjo.","Sake",unidad,0,2,0,Cominport
f0vqgvzg2,"Rihaku “Poeta Errante” - Junmai Ginjo.","Sake",unidad,0,2,0,Cominport
n10qqw63x,"SABROSO","Sake",unidad,0,2,0,Cominport
h4yiris12,"Sake FU-KI Suisui","Sake",unidad,0,2,0,Cominport
d085q3t8q,"SAKE Nakamoto ""Prince Nagaya""","Sake",unidad,0,2,0,Cominport
qlfnmnbdy,"Sho Chiku Bai Kasen Gokai","Sake",unidad,0,2,0,Cominport
ky29iz09w,"Sho Chiku Bai Nigori Junmai - aterciopelada.","Sake",unidad,0,2,0,Cominport
egm5uz9vf,"Stella Junmai Daiginjo Muroka","Sake",unidad,0,2,0,Cominport
drquczsj5,"Stella Junmai Daiginjo Shizukuzake","Sake",unidad,0,2,0,Cominport
gl8u3lz4h,"Takara Ryori No Tame no seishu Sake cocina - umami a sus platos.","Sake",unidad,0,2,0,Cominport
5hxmd5poj,"Takara Ryoriyo Seishu Sake cocina - del sake.","Sake",unidad,0,2,0,Cominport
ya2ztj5ts,"Tosatsuru Ginjo Azure","Sake",unidad,0,2,0,Cominport
tnacw0spv,"Hitoaji no Shin","Sake y licores",unidad,0,2,0,Cominport
0d94ef7jb,"Itaru Junmai Ginjo","Sake y licores",unidad,0,2,0,Cominport
3xshf45ak,"Licor Amazake ""Kintsugi""","Sake y licores",unidad,0,2,0,Cominport
zt95443ck,"Licor de hojicha","Sake y licores",unidad,0,2,0,Cominport
l4c9i3er3,"Licor de matcha","Sake y licores",unidad,0,2,0,Cominport
z2zy2ovzh,"L’Atelier du Sake","Sake y licores",unidad,0,2,0,Cominport
92s7i7yvr,"Miyoshikku Zangai","Sake y licores",unidad,0,2,0,Cominport
l9v1x3tss,"Sake ""Inaba"" Nigori Yuzu","Sake y licores",unidad,0,2,0,Cominport
hmo3g3wjr,"SakeCollins Cocktail Yuzu-Lima","Sake y licores",unidad,0,2,0,Cominport
nl34708te,"SakePolitan Cocktail","Sake y licores",unidad,0,2,0,Cominport
blx5e5qa0,"Umeshu Licor ciruela","Sake y licores",unidad,0,2,0,Cominport
cv9wioflw,"Umeshu Sechubai","Sake y licores",unidad,0,2,0,Cominport
jph5d61xp,"Umeshu Tsukuba Yama","Sake y licores",unidad,0,2,0,Cominport
kyt6zb12j,"Vino de ciruela - Takara Plum.","Sake y licores",unidad,0,2,0,Cominport
54x5r3fxj,"Vino de ciruela - Takara Plum.","Sake y licores",unidad,0,2,0,Cominport
qrogg6y26,"Aceite al aroma de trufa negra","Salsas",unidad,0,2,0,Cominport
yobnsmgte,"Aceite de chile picante","Salsas",unidad,0,2,0,Cominport
oxw3o2rke,"Aceite de sésamo 100%","Salsas",unidad,0,2,0,Cominport
wrk14lwby,"Aceite de sésamo 100%","Salsas",unidad,0,2,0,Cominport
u44l7mt8t,"Aceite de sésamo 100% - Goma Abura","Salsas",unidad,0,2,0,Cominport
36jk9gtli,"Ajiko Sazonador japonés","Salsas",unidad,0,2,0,Cominport
wgnqaiskq,"Ajitsuke Ponzu Yuzu","Salsas",unidad,0,2,0,Cominport
k7czpcafp,"Aojiso Dressing - Salsa de Shiso","Salsas",unidad,0,2,0,Cominport
57ibch86z,"Caldo para Ramen Paitan","Salsas",unidad,0,2,0,Cominport
dcyi80icp,"Dressing de sésamo","Salsas",unidad,0,2,0,Cominport
itc2ohjni,"Dressing de sésamo - Nihon Shoken","Salsas",unidad,0,2,0,Cominport
486hllhne,"Dressing sésamo “Somi”","Salsas",unidad,0,2,0,Cominport
hke05tf4h,"Dressing Yuzu/Wasabi","Salsas",unidad,0,2,0,Cominport
nopbdmv0i,"Harina de Okonomiyaki","Salsas",unidad,0,2,0,Cominport
c5h061sno,"Harina de Takoyaki","Salsas",unidad,0,2,0,Cominport
y489y52k8,"Kimuchi No Moto ""Momoya""","Salsas",unidad,0,2,0,Cominport
018yydbc3,"Kimuchi No Moto ""Momoya""","Salsas",unidad,0,2,0,Cominport
osqjlb0fc,"Kimuchi No Moto ""Momoya""","Salsas",unidad,0,2,0,Cominport
8saygmue9,"Mayonesa japonesa QP","Salsas",unidad,0,2,0,Cominport
eljnzlamx,"Mayonesa Kewpie","Salsas",unidad,0,2,0,Cominport
d8epdw01b,"PARA CARNES Y PESCADOS Salsa Teriyaki espesa","Salsas",unidad,0,2,0,Cominport
k9nhopukc,"Ponzu","Salsas",unidad,0,2,0,Cominport
i3sh03do1,"Salsa agridulce ciruela","Salsas",unidad,0,2,0,Cominport
i5ypfjg6k,"Salsa Black Pepper","Salsas",unidad,0,2,0,Cominport
0hr4cogr7,"Salsa Black Pepper - “Nihon Sokken”","Salsas",unidad,0,2,0,Cominport
ekbvt28w7,"Salsa Chili Garlic","Salsas",unidad,0,2,0,Cominport
fnz2l3k4v,"Salsa China Char Siu","Salsas",unidad,0,2,0,Cominport
oabwynqiu,"Salsa de chile dulce - Especial carne y pollo","Salsas",unidad,0,2,0,Cominport
ubublcd7u,"Salsa de chile dulce - Especial carne y pollo","Salsas",unidad,0,2,0,Cominport
u9t7qr2tv,"Salsa de Ciruelas","Salsas",unidad,0,2,0,Cominport
kcpfj3kyj,"Salsa de ostras","Salsas",unidad,0,2,0,Cominport
568vu5g9q,"Salsa de ostras","Salsas",unidad,0,2,0,Cominport
u1fzd5315,"Salsa de Ostras ""Maekrua""","Salsas",unidad,0,2,0,Cominport
h9yi8rixp,"Salsa de pescado","Salsas",unidad,0,2,0,Cominport
lonn5e9c6,"Salsa de sésamo - JFDA Baisen Gomadare","Salsas",unidad,0,2,0,Cominport
grbwf9huc,"Salsa de Yuzu","Salsas",unidad,0,2,0,Cominport
iwapakt3c,"Salsa Hoisin","Salsas",unidad,0,2,0,Cominport
ceshmb540,"Salsa Hoisin","Salsas",unidad,0,2,0,Cominport
igsdeuu4o,"Salsa Kabayaki Teriyaki","Salsas",unidad,0,2,0,Cominport
vtik2s7f6,"Salsa Okonomi","Salsas",unidad,0,2,0,Cominport
67iuzp265,"Salsa Okonomi","Salsas",unidad,0,2,0,Cominport
209nzj7ux,"Salsa Pato Pekín","Salsas",unidad,0,2,0,Cominport
7cxqheixj,"Salsa Poke","Salsas",unidad,0,2,0,Cominport
bl42zkmor,"Salsa Sriracha Verde “Flying Goose”","Salsas",unidad,0,2,0,Cominport
fvi87dhyt,"Salsa Sriracha “Flying Goose”","Salsas",unidad,0,2,0,Cominport
h62qq8e2c,"Salsa Sriracha “Flying Goose”","Salsas",unidad,0,2,0,Cominport
jej9dcm3i,"Salsa Taberu Layu ""Momoya""","Salsas",unidad,0,2,0,Cominport
fy4b3xa52,"Salsa Takoyaki","Salsas",unidad,0,2,0,Cominport
pobld9vms,"Salsa Teriyaki","Salsas",unidad,0,2,0,Cominport
4fexe1iwi,"Salsa Teriyaki","Salsas",unidad,0,2,0,Cominport
8pxde7j0w,"Salsa Teriyaki espesa","Salsas",unidad,0,2,0,Cominport
gcpo7e0hb,"Salsa Toban Jan","Salsas",unidad,0,2,0,Cominport
9whdouvge,"Salsa Tonkatsu","Salsas",unidad,0,2,0,Cominport
uxomvx6oa,"Salsa Tonkatsu","Salsas",unidad,0,2,0,Cominport
hushrigqh,"Salsa Tonkatsu","Salsas",unidad,0,2,0,Cominport
emx8dmt6i,"Salsa Tsuyu No Moto (Para tempura, sopa…) - Marutomo","Salsas",unidad,0,2,0,Cominport
5dhj9hs54,"Salsa Unagi Tare espesa “Kiwami” / Sushi Sauce","Salsas",unidad,0,2,0,Cominport
asnsx3j1c,"Salsa Worcester - Bulldog","Salsas",unidad,0,2,0,Cominport
ihi8deag3,"Salsa Worcester - Bulldog","Salsas",unidad,0,2,0,Cominport
7hfgmmi6b,"Salsa Yakiniku","Salsas",unidad,0,2,0,Cominport
ovv445pju,"Salsa Yakiniku","Salsas",unidad,0,2,0,Cominport
iv1is0udu,"Salsa Yakiniku con Sriracha","Salsas",unidad,0,2,0,Cominport
aucqacuji,"Salsa Yakisoba","Salsas",unidad,0,2,0,Cominport
75r4k6sxx,"Salsa Yakisoba","Salsas",unidad,0,2,0,Cominport
9g9g0o5hz,"Salsa Yakisoba","Salsas",unidad,0,2,0,Cominport
yemr8xgax,"Salsa Yakitori ""Ebara""","Salsas",unidad,0,2,0,Cominport
wavago6yp,"Salsa Yakitori ""Kiwami""","Salsas",unidad,0,2,0,Cominport
fe2o03wgl,"Salsa Yakitori ""Kiwami""","Salsas",unidad,0,2,0,Cominport
bgs75a9mq,"Salsa Yakitori ""Kiwami"" - Marutomo","Salsas",unidad,0,2,0,Cominport
pfnwcw97p,"Shiro Dashi ""Ninben""","Salsas",unidad,0,2,0,Cominport
isaruahha,"Sushi Sauce","Salsas",unidad,0,2,0,Cominport
x4hfuxnxz,"Tenkasu","Salsas",unidad,0,2,0,Cominport
t3nf3tq0d,"Yakisoba Noodle con salsa","Salsas",unidad,0,2,0,Cominport
00f68txvy,"Yuzu Miso Salsa ""Kenko""","Salsas",unidad,0,2,0,Cominport
aixvt8xh3,"Yuzu miso salsa “Kiwami”","Salsas",unidad,0,2,0,Cominport
6vc113s01,"Yuzusco Salsa picante de Yuzu","Salsas",unidad,0,2,0,Cominport
fdcb953sa,"Zumo de Yuzu","Salsas",unidad,0,2,0,Cominport
jvakj0i2c,"Zumo de Yuzu","Salsas",unidad,0,2,0,Cominport
5btly3adl,"Zumo de Yuzu 100%","Salsas",unidad,0,2,0,Cominport
5fxppt7do,"LIMITED EDITION Whisky japonés Fujisan","Shochu y destilados",unidad,0,2,0,Cominport
e86qrbevy,"Shochu Chill Green Spicy&Citrus","Shochu y destilados",unidad,0,2,0,Cominport
gdmai8vsa,"Shochu Daiyame","Shochu y destilados",unidad,0,2,0,Cominport
b369rbi2w,"Shochu envejecido “Sassyu Tamashi”","Shochu y destilados",unidad,0,2,0,Cominport
htyt18tsa,"Shochu Hamada - 25º Alcohol","Shochu y destilados",unidad,0,2,0,Cominport
5govq5zy0,"Shochu Hamada - 25º Alcohol","Shochu y destilados",unidad,0,2,0,Cominport
ggh8vmtzg,"Shochu Hamada - 25º Alcohol","Shochu y destilados",unidad,0,2,0,Cominport
bmj6kyyf9,"Shochu imo Kurokame","Shochu y destilados",unidad,0,2,0,Cominport
uipelwbu9,"Shochu JAPAN","Shochu y destilados",unidad,0,2,0,Cominport
5h5mq31t5,"Shochu “Nippon”","Shochu y destilados",unidad,0,2,0,Cominport
y8crdl1qs,"Akazu vinagre rojo ""Yokoi""","Soja y vinagre",unidad,0,2,0,Cominport
dqnil7wcg,"Hon Mirin ""Takara""","Soja y vinagre",unidad,0,2,0,Cominport
sdc2dwapg,"Hon Mirin ""Takara""","Soja y vinagre",unidad,0,2,0,Cominport
69e9ddfa4,"Hon Mirin ""Takara""","Soja y vinagre",unidad,0,2,0,Cominport
i6ghbg7ul,"Rice Mighty","Soja y vinagre",unidad,0,2,0,Cominport
9vfrc5t1p,"Rice Mighty","Soja y vinagre",unidad,0,2,0,Cominport
nmjpm8d1x,"Rice Mighty","Soja y vinagre",unidad,0,2,0,Cominport
ozph1imfd,"Rice Mighty","Soja y vinagre",unidad,0,2,0,Cominport
3dkvx2grb,"Salsa de soja ""Shoda""","Soja y vinagre",unidad,0,2,0,Cominport
genkckokk,"Salsa de Soja - Koikuchi Shôyu","Soja y vinagre",unidad,0,2,0,Cominport
gfr4svm9z,"Salsa de Soja - Koikuchi Shôyu","Soja y vinagre",unidad,0,2,0,Cominport
y5e3tr4qw,"Salsa de Soja - Koikuchi Shôyu","Soja y vinagre",unidad,0,2,0,Cominport
ez5t3bp7c,"Salsa de Soja - Koikuchi Shôyu","Soja y vinagre",unidad,0,2,0,Cominport
mdusy4jrt,"Salsa de Soja - Yamasa","Soja y vinagre",unidad,0,2,0,Cominport
zmzll6703,"Salsa de Soja baja en sal - Gen-en Shôyu","Soja y vinagre",unidad,0,2,0,Cominport
lmmo53ocu,"Salsa de Soja baja en sal - Gen-en Shôyu","Soja y vinagre",unidad,0,2,0,Cominport
ucjej9xqy,"Salsa de Soja clara salada - Hihashimaru","Soja y vinagre",unidad,0,2,0,Cominport
9bcqlt5bd,"Salsa de Soja Dispensador 150 ml. - Koikuchi Shôyu","Soja y vinagre",unidad,0,2,0,Cominport
fmprbzvra,"Salsa de Soja Dispensador 150 ml. - Koikuchi Shôyu","Soja y vinagre",unidad,0,2,0,Cominport
c24h2dsnf,"Salsa de Soja doble fermentación","Soja y vinagre",unidad,0,2,0,Cominport
nc9jkai3o,"Salsa de Soja Extra","Soja y vinagre",unidad,0,2,0,Cominport
128lhksts,"Salsa de Soja mini Shoyu en bolsitas","Soja y vinagre",unidad,0,2,0,Cominport
w0whojksu,"Salsa de Soja mini Shoyu en bolsitas","Soja y vinagre",unidad,0,2,0,Cominport
u3np94h0n,"Salsa de Soja Premium Tatsumi","Soja y vinagre",unidad,0,2,0,Cominport
9b33wckui,"Salsa de Soja premium “Marunaka”","Soja y vinagre",unidad,0,2,0,Cominport
emt4ukh61,"Salsa de Soja sobres “Kiwami”","Soja y vinagre",unidad,0,2,0,Cominport
k2c8e5jzk,"Salsa de Soja sobres “Kiwami”","Soja y vinagre",unidad,0,2,0,Cominport
2r1u6dsax,"Salsa de Soja Tamari - Tamari Shoyu “Ichibiki“","Soja y vinagre",unidad,0,2,0,Cominport
wvxgvhy67,"Salsa de Soja Tamari - Tamari Shoyu “Ichibiki“","Soja y vinagre",unidad,0,2,0,Cominport
3wwpjo2jw,"Salsa de Soja Tamari - Yamasa","Soja y vinagre",unidad,0,2,0,Cominport
95c2qliuo,"Salsa de Soja “Kiwami”","Soja y vinagre",unidad,0,2,0,Cominport
24r096l9j,"Salsa de Soja “Kiwami”","Soja y vinagre",unidad,0,2,0,Cominport
8yeok7ksn,"Salsa soja (arroz) ""Shoda""","Soja y vinagre",unidad,0,2,0,Cominport
v9itzugoz,"Salsa soja transparente","Soja y vinagre",unidad,0,2,0,Cominport
gcpsns8ez,"Shiro Shoyu Salsa soja blanca","Soja y vinagre",unidad,0,2,0,Cominport
mr0hs97rm,"Vinagre ""Mizkan"" Yusen","Soja y vinagre",unidad,0,2,0,Cominport
10w53b5kj,"Vinagre de arroz","Soja y vinagre",unidad,0,2,0,Cominport
z2u3sr097,"Vinagre de arroz Kinari","Soja y vinagre",unidad,0,2,0,Cominport
e1oahda3i,"Vinagre de arroz Sakura","Soja y vinagre",unidad,0,2,0,Cominport
bv1yed30c,"Vinagre de sushi ""Otafuku""","Soja y vinagre",unidad,0,2,0,Cominport
ix6j8o2rm,"Vinagre edo Tannensu ""Yokoi""","Soja y vinagre",unidad,0,2,0,Cominport
qhybb1sk1,"Vinagre Fuji","Soja y vinagre",unidad,0,2,0,Cominport
d0v3ty9rb,"Vinagre Fuji","Soja y vinagre",unidad,0,2,0,Cominport
0ccv1fs2m,"Vinagre Fuji","Soja y vinagre",unidad,0,2,0,Cominport
96lanr2lk,"Vinagre Fuji","Soja y vinagre",unidad,0,2,0,Cominport
8h2vn66rm,"Vinagre negro de arroz Kurozu","Soja y vinagre",unidad,0,2,0,Cominport
0k93aql7p,"Vinagre preparado para sushi","Soja y vinagre",unidad,0,2,0,Cominport
p3kq38xh9,"Vinagre preparado para sushi","Soja y vinagre",unidad,0,2,0,Cominport
87wr8z4h4,"Genmaicha Té verde con arroz integral y Matcha - Té Genmaicha Matcha Iri","Té e infusiones",unidad,0,2,0,Cominport
jt8v6cbvz,"Infusión de cebada - Mugi Cha","Té e infusiones",unidad,0,2,0,Cominport
sr82b8tlx,"Matcha Té verde en polvo - ceremonia","Té e infusiones",unidad,0,2,0,Cominport
x67zyncif,"Nama Cha Té verde","Té e infusiones",unidad,0,2,0,Cominport
wxoyisui0,"Oishi Ocha - Té verde en lata","Té e infusiones",unidad,0,2,0,Cominport
jlbri5opf,"Sencha - Té verde en hojas","Té e infusiones",unidad,0,2,0,Cominport
i8tg2cdwr,"Adorno plástico Hoja de Shiso - Baran Oba","Utensilios",unidad,0,2,0,Cominport
pnzayez0k,"Adorno plástico Langostino - Baran Ebigata","Utensilios",unidad,0,2,0,Cominport
ff00qb806,"Adorno plástico Montaña - Baran Yamagata","Utensilios",unidad,0,2,0,Cominport
sbbvsqfuc,"Bandeja de aluminio con tapa","Utensilios",unidad,0,2,0,Cominport
ybhumewmn,"Barco de madera pino","Utensilios",unidad,0,2,0,Cominport
iaa1kon06,"Barco de madera pino","Utensilios",unidad,0,2,0,Cominport
c1h3905ik,"Batidor Bambú - Para Matcha","Utensilios",unidad,0,2,0,Cominport
to33nm9hl,"Brocha de cocina - Ryori Hake","Utensilios",unidad,0,2,0,Cominport
7sxm6po7i,"Congeladores - 60° - Varios tamaños a consultar","Utensilios",unidad,0,2,0,Cominport
22qxufvcq,"Congeladores - 60° - Varios tamaños a consultar","Utensilios",unidad,0,2,0,Cominport
rhzkotc3v,"Cono de madera pino","Utensilios",unidad,0,2,0,Cominport
8mif2kc8q,"Cono de madera pino","Utensilios",unidad,0,2,0,Cominport
hupqrwgxu,"Cuchillo Deba - pescado","Utensilios",unidad,0,2,0,Cominport
qze0i5ngr,"Cuchillo Deba - pescado","Utensilios",unidad,0,2,0,Cominport
vhafdvvuc,"Cuchillo Usuba - Para verdura","Utensilios",unidad,0,2,0,Cominport
05h0objig,"Cuchillo Yanagiba - Para sushi y sashimi","Utensilios",unidad,0,2,0,Cominport
lcih73dgd,"Cuchillo Yanagiba - Para sushi y sashimi","Utensilios",unidad,0,2,0,Cominport
rb57p4yxo,"Dispensador mayonesa “Magic 5”","Utensilios",unidad,0,2,0,Cominport
mkenws8w3,"Esterilla de bambú - Makisu","Utensilios",unidad,0,2,0,Cominport
rs3rm1pc1,"Esterilla de bambú - Makisu","Utensilios",unidad,0,2,0,Cominport
ru5gljrv1,"Fresh master roll","Utensilios",unidad,0,2,0,Cominport
cneac43e1,"Gas para soplete","Utensilios",unidad,0,2,0,Cominport
flimz54wy,"Hojas madera","Utensilios",unidad,0,2,0,Cominport
2vyc6he26,"Lata para conservar nori - Nori can zen kei","Utensilios",unidad,0,2,0,Cominport
195yb4fii,"Lata para conservar nori - Nori can zen kei","Utensilios",unidad,0,2,0,Cominport
pfbagzc8m,"Mantel de papel","Utensilios",unidad,0,2,0,Cominport
7okozh849,"Palillos Agebashi - Para tempura","Utensilios",unidad,0,2,0,Cominport
kqnvfjxsx,"Palillos Moribashi - Para cocinar - Metal","Utensilios",unidad,0,2,0,Cominport
1tij3hlos,"Papel Titusec - Especial pescado","Utensilios",unidad,0,2,0,Cominport
lk3c8psrz,"Piedra de afilar doble cara - Konbi Toishi","Utensilios",unidad,0,2,0,Cominport
i9wywrh76,"Piedra de afilar grande - Nakato","Utensilios",unidad,0,2,0,Cominport
94ixvuzxi,"Pinzas para pescado - Honenuki","Utensilios",unidad,0,2,0,Cominport
ea1lpzu8w,"Pistola soplete","Utensilios",unidad,0,2,0,Cominport
usewst2bi,"Plato de madera","Utensilios",unidad,0,2,0,Cominport
m5b92wyuj,"Rallador de verduras - Chiba Katsura Muki CKT01","Utensilios",unidad,0,2,0,Cominport
1wpiw3tbe,"Rallador de verduras - Katsura Muki","Utensilios",unidad,0,2,0,Cominport
8w340lrty,"Rallador de verduras - Katsura Muki","Utensilios",unidad,0,2,0,Cominport
h2vjn37nl,"Rallador para wasabi - Piel de tiburón","Utensilios",unidad,0,2,0,Cominport
y91p4eah2,"Servilleta kraft - 40 x 40 cm.","Utensilios",unidad,0,2,0,Cominport
wydb0xcu5,"Servilleta negra - 20 x 20 cm.","Utensilios",unidad,0,2,0,Cominport
cxj4qd047,"Soporte para piedra de afilar","Utensilios",unidad,0,2,0,Cominport
o8g3wket8,"Sujetapalillos - Colores surtidos","Utensilios",unidad,0,2,0,Cominport
38ki62gs7,"Tabla de corte japonesa - 1200 x 450 x 20 mm.","Utensilios",unidad,0,2,0,Cominport
jqcj6g05m,"Tabla de corte japonesa - 1200 x 450 x 20 mm.","Utensilios",unidad,0,2,0,Cominport
7xa6j799t,"Tabla de corte japonesa - 1200 x 450 x 20 mm.","Utensilios",unidad,0,2,0,Cominport
l7wvv0961,"Vitrina hoshizaki - para pescado fresco","Utensilios",unidad,0,2,0,Cominport
n85ffn01g,"Vitrina hoshizaki - para pescado fresco","Utensilios",unidad,0,2,0,Cominport
ouh2kwyvr,"Vitrina hoshizaki - para pescado fresco","Utensilios",unidad,0,2,0,Cominport
imphpgfrq,"Vitrina hoshizaki - para pescado fresco","Utensilios",unidad,0,2,0,Cominport
aasw3zuzm,"Bandeja Bento - 5 compartimentos","Utensilios y vajilla",unidad,0,2,0,Cominport
grgtnfovp,"Barbacoa - 14 x 12 cm","Utensilios y vajilla",unidad,0,2,0,Cominport
y4h99gwve,"Barbacoa - Hida Konro","Utensilios y vajilla",unidad,0,2,0,Cominport
12wk63m9p,"Bol metálico interior/ Cocedera eléctrica de arroz Tiger","Utensilios y vajilla",unidad,0,2,0,Cominport
2la6xo9to,"Carbón Binchotan","Utensilios y vajilla",unidad,0,2,0,Cominport
lk4ksospm,"Chupito de sake - Sabi","Utensilios y vajilla",unidad,0,2,0,Cominport
ocvakoifl,"Cocedera de arroz Cuckoo","Utensilios y vajilla",unidad,0,2,0,Cominport
ycg6ax1rw,"Cocedera de arroz Cuckoo","Utensilios y vajilla",unidad,0,2,0,Cominport
wcm5wfq3q,"Cocedera eléctrica de arroz Tiger","Utensilios y vajilla",unidad,0,2,0,Cominport
ryx7tand9,"Cubiertos de madera - funda de tela.","Utensilios y vajilla",unidad,0,2,0,Cominport
g1mst2z2l,"Cuchara de bambú - Cuchara para Ramen","Utensilios y vajilla",unidad,0,2,0,Cominport
owqssumb4,"Cuenco Ainagashi soba","Utensilios y vajilla",unidad,0,2,0,Cominport
v4he9knbt,"Cuenco de Ramen - Ramen bowl","Utensilios y vajilla",unidad,0,2,0,Cominport
yequmnmwr,"Cuenco de Ramen - Ramen bowl","Utensilios y vajilla",unidad,0,2,0,Cominport
wwpg2m6au,"Cuenco kikkowan - Negro Para Sopa","Utensilios y vajilla",unidad,0,2,0,Cominport
qlu787lqi,"Cuenco Sopa madera","Utensilios y vajilla",unidad,0,2,0,Cominport
hp4hjbl6v,"Dispensador de soja - Takeya","Utensilios y vajilla",unidad,0,2,0,Cominport
fgpm3gqi3,"Escamador - De metal","Utensilios y vajilla",unidad,0,2,0,Cominport
xddka8owr,"Escamador - De metal","Utensilios y vajilla",unidad,0,2,0,Cominport
wymotbrfv,"Espátula de madera - Para mezclar arroz","Utensilios y vajilla",unidad,0,2,0,Cominport
9lnewdyh5,"Espátula de madera - Para mezclar arroz","Utensilios y vajilla",unidad,0,2,0,Cominport
gkjmcwtbo,"Espátula Shamoji - Tyger","Utensilios y vajilla",unidad,0,2,0,Cominport
ay24i5nns,"Goma para arrocera Suihan Sheet","Utensilios y vajilla",unidad,0,2,0,Cominport
6gk2jws9x,"Guantes Térmicos ""Showa"" - LL 1 par","Utensilios y vajilla",unidad,0,2,0,Cominport
j27nu5sxx,"Hangiri de madera","Utensilios y vajilla",unidad,0,2,0,Cominport
0zh5sje8j,"Hangiri de madera","Utensilios y vajilla",unidad,0,2,0,Cominport
d67w5hndn,"Hangiri de madera","Utensilios y vajilla",unidad,0,2,0,Cominport
l5nrwfblv,"Hangiri de madera","Utensilios y vajilla",unidad,0,2,0,Cominport
q4ok3ztg2,"Hashioki posapalillos ceramica","Utensilios y vajilla",unidad,0,2,0,Cominport
m6xrrpt13,"Jarrita de sake - Sabi marrón","Utensilios y vajilla",unidad,0,2,0,Cominport
j666z8f1i,"Jarrita para soja - Tesa Marrón","Utensilios y vajilla",unidad,0,2,0,Cominport
w6jfqnc4b,"Mandolina japonesa","Utensilios y vajilla",unidad,0,2,0,Cominport
126yr1pml,"Mandolina japonesa","Utensilios y vajilla",unidad,0,2,0,Cominport
03u3dutw4,"Molde para Oshisushi - Oshisushi No Kata","Utensilios y vajilla",unidad,0,2,0,Cominport
dy1s4zdy0,"Molinillo japonés - Manual para sésamo","Utensilios y vajilla",unidad,0,2,0,Cominport
0ldhiwfbs,"Papel para tempura","Utensilios y vajilla",unidad,0,2,0,Cominport
enlttuef5,"Platito para soja","Utensilios y vajilla",unidad,0,2,0,Cominport
gx3xd8v48,"Plato Hakuyu Nagasara","Utensilios y vajilla",unidad,0,2,0,Cominport
7atizzet1,"Plato Kuroshio redondo - Hida Konro","Utensilios y vajilla",unidad,0,2,0,Cominport
bw8ueikxr,"Plato marrón - Plato Akacha Bizen","Utensilios y vajilla",unidad,0,2,0,Cominport
zzcts0qja,"Plato negro - Plato Kokusho","Utensilios y vajilla",unidad,0,2,0,Cominport
zd6e3orcg,"Plato Sanma Mokume","Utensilios y vajilla",unidad,0,2,0,Cominport
xg5x56dd8,"Recipiente metal para salsa - Tare Ire","Utensilios y vajilla",unidad,0,2,0,Cominport
5obcwi9pp,"Red para arrocera","Utensilios y vajilla",unidad,0,2,0,Cominport
fdbaixxsy,"Sartén para tortilla - Tamagoyaki Pan","Utensilios y vajilla",unidad,0,2,0,Cominport
r98zmh2p2,"Temaki stand triple","Utensilios y vajilla",unidad,0,2,0,Cominport
mzqgc2jhe,"Termo de madera para arroz - Ohitsu","Utensilios y vajilla",unidad,0,2,0,Cominport
xz95s4n9i,"Termo para conservar arroz Jelco","Utensilios y vajilla",unidad,0,2,0,Cominport
vrwxmsr3x,"Termo para conservar arroz Tiger","Utensilios y vajilla",unidad,0,2,0,Cominport
o2hkillh5,"Termo para conservar arroz Tiger","Utensilios y vajilla",unidad,0,2,0,Cominport
vehuztqbw,"Vaporera bambú - Varios diámetros","Utensilios y vajilla",unidad,0,2,0,Cominport
t6w128kd2,"Vaporera bambú - Varios diámetros","Utensilios y vajilla",unidad,0,2,0,Cominport
g78ft3o3t,"Vaporera bambú - Varios diámetros","Utensilios y vajilla",unidad,0,2,0,Cominport
8f5gmpyog,"Vaso cerámica té - Yunomi 9 cm","Utensilios y vajilla",unidad,0,2,0,Cominport
u8wp7o4fi,"Virutas de cerezo Sakura para ahumar","Utensilios y vajilla",unidad,0,2,0,Cominport
wp29r00p3,"Bambú cortado y condimentado - Menma Ajitsuke","Verduras y jengibre",unidad,0,2,0,Cominport
4znp186kl,"Cebolla frita","Verduras y jengibre",unidad,0,2,0,Cominport
iiij4bl2z,"Cebolla frita","Verduras y jengibre",unidad,0,2,0,Cominport
fu9e4np2i,"Cebolla frita","Verduras y jengibre",unidad,0,2,0,Cominport
putq2g85e,"Cebolla frita","Verduras y jengibre",unidad,0,2,0,Cominport
9ft7m5msp,"Hoja de magnolia seca - Hooba","Verduras y jengibre",unidad,0,2,0,Cominport
08rrm2i82,"Hojas de arce japonés comestibles","Verduras y jengibre",unidad,0,2,0,Cominport
z15gt3cpb,"Hojas de bambú - Aosasa","Verduras y jengibre",unidad,0,2,0,Cominport
4tq13up46,"Jengibre blanco encurtido","Verduras y jengibre",unidad,0,2,0,Cominport
r4xrfthtp,"Jengibre blanco encurtido","Verduras y jengibre",unidad,0,2,0,Cominport
h6rqe5upm,"Jengibre encurtido bolsita - Mini Gari","Verduras y jengibre",unidad,0,2,0,Cominport
f3bkcnzhd,"Jengibre encurtido bolsita - Mini Gari","Verduras y jengibre",unidad,0,2,0,Cominport
hs96rkr48,"Jengibre rojo rallado encurtido - Beni Shoga","Verduras y jengibre",unidad,0,2,0,Cominport
92a8t0pk8,"Jengibre rosa encurtido","Verduras y jengibre",unidad,0,2,0,Cominport
34r5uiyfx,"Nabo amarillo encurtido - Takuwan (Oshinko)","Verduras y jengibre",unidad,0,2,0,Cominport
5d5d7vwh8,"Palitos de jengibre - Hajikami","Verduras y jengibre",unidad,0,2,0,Cominport
5w5qjeyqf,"Piel de bambú - Takekawa","Verduras y jengibre",unidad,0,2,0,Cominport
tcm625m4u,"Piel de yuzu en tiras","Verduras y jengibre",unidad,0,2,0,Cominport
r3uhv9il4,"Setas oreja de madera laminada “Kikurage”","Verduras y jengibre",unidad,0,2,0,Cominport
czgo5vypt,"Setas Shiitake desecadas","Verduras y jengibre",unidad,0,2,0,Cominport
3fpdbra10,"Tiras calabaza preparadas - Ajitsuke Kampyo","Verduras y jengibre",unidad,0,2,0,Cominport
aoavyhqyp,"Tiras calabaza preparadas - Ajitsuke Kampyo","Verduras y jengibre",unidad,0,2,0,Cominport
6wbz2l34z,"Aceite de wasabi","Wasabi y mostaza",unidad,0,2,0,Cominport
howhs8czr,"Aceite de yuzu","Wasabi y mostaza",unidad,0,2,0,Cominport
6y3zai9ne,"Condimento de wasabi y soja","Wasabi y mostaza",unidad,0,2,0,Cominport
ck2hf39xn,"Kona Wasabi","Wasabi y mostaza",unidad,0,2,0,Cominport
wb80trhoa,"Kona Wasabi Bits Kinjirushi","Wasabi y mostaza",unidad,0,2,0,Cominport
v12nj7dlu,"Mini wasabi - En sobrecito","Wasabi y mostaza",unidad,0,2,0,Cominport
ua4hg9zzg,"Mostaza en pasta (tubo) - Neri Karashi","Wasabi y mostaza",unidad,0,2,0,Cominport
xwosb750e,"Mostaza japonesa en polvo - Karashi","Wasabi y mostaza",unidad,0,2,0,Cominport
0eddu3s50,"Pasta de piel de yuzu y chile - Yuzu Kosho","Wasabi y mostaza",unidad,0,2,0,Cominport
xiamwdmec,"Piel de yuzu rallada - Kizami Yuzu","Wasabi y mostaza",unidad,0,2,0,Cominport
0b7eyso5y,"Sal de wasabi Kinjirushi","Wasabi y mostaza",unidad,0,2,0,Cominport
jesb4683b,"Salsa de Wasabi","Wasabi y mostaza",unidad,0,2,0,Cominport
hq0xt9xed,"Wasabi en pasta (tubo) - Neri Wasabi","Wasabi y mostaza",unidad,0,2,0,Cominport
mlyf8yvx4,"Wasabi en polvo (lata)","Wasabi y mostaza",unidad,0,2,0,Cominport
uyl5858lx,"Wasabi en polvo “Kiwami”","Wasabi y mostaza",unidad,0,2,0,Cominport
1ceeftiez,"Wasabi en sobres","Wasabi y mostaza",unidad,0,2,0,Cominport
z5j13djlp,"Wasabi en sobres congelado","Wasabi y mostaza",unidad,0,2,0,Cominport
czdspzkpx,"Wasabi natural 100% rallado - Hon Wasabi","Wasabi y mostaza",unidad,0,2,0,Cominport
frhsitgc5,"Wasabi natural picado - Kizami Wasabi","Wasabi y mostaza",unidad,0,2,0,Cominport
mak4t8q69,"Wasabi natural rallado","Wasabi y mostaza",unidad,0,2,0,Cominport
h44bx2kq1,"Carne de kebab de ternera loncheada","Carnes congeladas",kg,0,1,0,Jet Extramar
95egmiu1o,"Carne de kebab de pollo loncheada","Carnes congeladas",kg,0,1,0,Jet Extramar
wxy4aqjsz,"Pimientos del piquillo rellenos de atún","Precocinados",kg,0,1,0,Jet Extramar
7qpa3xghg,"Tequeño de gouda","Precocinados",kg,0,1,0,Jet Extramar
zq7gih3uu,"Base de patata y cebolla","Verduras congeladas",kg,0,1,0,Jet Extramar
4ebd6jxrl,"Torrezno de Soria extra","Platos preparados",kg,0,1,0,Jet Extramar
q5xuqd5ig,"Delicioso mascarpone y café","Postres congelados",kg,0,1,0,Jet Extramar
qr4189onx,"Delicioso de chocolate Dubái","Postres congelados",kg,0,1,0,Jet Extramar
h6h7jmvws,"Pastel Cream Block de higo","Postres congelados",kg,0,1,0,Jet Extramar
n57c6yac1,"Pastel Cream Block de galleta Lotus","Postres congelados",kg,0,1,0,Jet Extramar